{"type":"FeatureCollection","features":[{"type":"Feature","id":78,"geometry":{"type":"Polygon","coordinates":[[[-76.118527000233144,40.959898999826244],[-76.118344999759955,40.959297999691174],[-76.118267999767056,40.95904400008515],[-76.118167000383039,40.95867100013934],[-76.117945999551793,40.957880999685727],[-76.115635999764976,40.949848000155079],[-76.114716999873124,40.946651000210053],[-76.113566000177698,40.942647000293377],[-76.113226000419061,40.941468999667187],[-76.11311099989301,40.941065999790226],[-76.11274900039308,40.939807999663721],[-76.112465999637564,40.938822999755658],[-76.112243999879709,40.938052999811632],[-76.112166999886796,40.937790000221646],[-76.111478999973627,40.935387999822581],[-76.111398999607687,40.935109999952211],[-76.111257000215787,40.934617000241907],[-76.111149000260767,40.934240999778027],[-76.111131999644016,40.934183000198182],[-76.110713000242654,40.932723999891053],[-76.110682000280519,40.93261800010545],[-76.110451000301836,40.931811999835084],[-76.110185999987991,40.930891000143028],[-76.108092000111242,40.923605000071461],[-76.108031000011863,40.923391999773997],[-76.107974999935365,40.923197999903088],[-76.10625500015243,40.922749000253432],[-76.105029999938836,40.922430000072936],[-76.10482300024961,40.922373999948363],[-76.104207000306445,40.922205999968654],[-76.10400399991687,40.922151000157207],[-76.102577999861808,40.921784999678827],[-76.102402999959622,40.921739999858453],[-76.101884000100839,40.921605000213397],[-76.100119000112073,40.921148999690423],[-76.09897400026442,40.920851000051385],[-76.098898999921346,40.920830999776911],[-76.098428999568057,40.920707999822724],[-76.096759000013847,40.920273000201256],[-76.095765999603842,40.920014999709892],[-76.095317000065265,40.919893000131886],[-76.094234999966801,40.91961199996345],[-76.093771000359624,40.919491000184863],[-76.093542999855671,40.919433999741202],[-76.093263000371508,40.919361000030094],[-76.09306300035496,40.919309000168099],[-76.09246900015313,40.919161999840874],[-76.091257000358311,40.918842000122353],[-76.090219999567367,40.918567000187132],[-76.088934000152719,40.91823000024921],[-76.087268999723051,40.917796999712522],[-76.086212999563855,40.917521000287245],[-76.085984000133308,40.91746199971216],[-76.085921000384118,40.917445000134983],[-76.0833429999104,40.916771999903844],[-76.082104000351393,40.916448999745064],[-76.081351000140899,40.916251000206195],[-76.081329000399606,40.916245999959898],[-76.078452000175133,40.915496000139541],[-76.075923999930112,40.914836000264735],[-76.073275000209577,40.914144000310024],[-76.070757999835223,40.913486999701668],[-76.069038999877208,40.913037999934026],[-76.062424000161059,40.911309000163577],[-76.06194399976205,40.911184000161889],[-76.061528999660339,40.911074999793719],[-76.039130000327603,40.905217999880918],[-76.028788999916998,40.90251900027021],[-76.028476999747468,40.902439000036367],[-76.028005999569274,40.902313000116877],[-76.024201999955366,40.903681999886906],[-76.023478999882087,40.903945000118568],[-76.012340999778374,40.907957000216712],[-76.007002000329464,40.909887000285266],[-76.006019999790098,40.910239000051682],[-75.997635999887208,40.913259000004174],[-75.992959000412185,40.914810999851944],[-75.987743000088599,40.916539999680488],[-75.9861039995982,40.917399000178968],[-75.98599399999334,40.91743900008349],[-75.985906000129788,40.917466999866477],[-75.98531600012592,40.917669999975011],[-75.983548999589019,40.918280999719677],[-75.982960000308367,40.918484999923308],[-75.973695000148439,40.921748999689207],[-75.969842999955631,40.923115000144783],[-75.968799000390305,40.92346099988815],[-75.968512000335139,40.923561999738467],[-75.968447000037813,40.923584999951615],[-75.967196999709856,40.924037999891951],[-75.964623000332381,40.924949000226881],[-75.949741999815814,40.930212999860963],[-75.93676099990553,40.934930999765584],[-75.935641999997145,40.935324999732345],[-75.93552900001923,40.9353609997913],[-75.935038999574473,40.93551899996875],[-75.930669000246112,40.937105000262761],[-75.930284000281645,40.937242000008453],[-75.912463999616321,40.943545000259476],[-75.9122080004216,40.943635000027179],[-75.911952000328554,40.943725999848603],[-75.911849000396401,40.943762000078827],[-75.892643999683884,40.950555999901695],[-75.888823000351536,40.951963999953776],[-75.888009000041677,40.952278999831066],[-75.878585999698018,40.955725999796805],[-75.868857999755832,40.959349000025775],[-75.868385999752732,40.95949399993696],[-75.866973000116474,40.959932000265475],[-75.866584999778965,40.960052999925978],[-75.866502999763185,40.960080999967161],[-75.866013000216739,40.96025099981695],[-75.864546000153808,40.9607620000493],[-75.864057000432268,40.960933000095899],[-75.863924000362871,40.960975999847506],[-75.863371999993817,40.961160000235004],[-75.861316999576843,40.961841000038085],[-75.860632999861622,40.962068999666158],[-75.852041000444586,40.964989999984994],[-75.848024000395313,40.966357000195501],[-75.848265000419758,40.967235999922501],[-75.848529000010387,40.971995000136225],[-75.848539000056135,40.972185000150752],[-75.824132999986958,40.98056700000609],[-75.824117999918357,40.980572999749278],[-75.819237000228838,40.982577999668791],[-75.80898299985688,40.98294199980667],[-75.807566999847566,40.983030000276223],[-75.801200999653432,40.983424000091041],[-75.795158000397819,40.985592000277983],[-75.785632000122007,40.988998999670152],[-75.78458199981057,40.989374000061858],[-75.784250000447884,40.98949300033528],[-75.783985999958915,40.989594999720666],[-75.782200000053749,40.990285999784277],[-75.781605000027,40.990516999875268],[-75.780903999695028,40.990765999674615],[-75.778800999597465,40.991514999793615],[-75.778100999988723,40.991765000018695],[-75.777957999873593,40.991825000121558],[-75.777529000426512,40.992005000102374],[-75.777386000311381,40.992064999986816],[-75.777109000301934,40.99218099978934],[-75.775549000352584,40.992737999955331],[-75.767109000373196,40.995759999799056],[-75.766930000273064,40.995829000240185],[-75.764672000364797,40.996709999937025],[-75.76461899976303,40.996729000234062],[-75.760624000353388,40.998092000295792],[-75.76059699969089,40.998100999891683],[-75.759473999584529,40.998493999803266],[-75.756027000345995,40.999701999898903],[-75.75534799975533,40.99994100023811],[-75.754879000125285,41.00010599975667],[-75.750453999647036,41.001666000183583],[-75.737179999833771,41.00634800004957],[-75.734896999811141,41.007154000083972],[-75.732917999562147,41.007852000336641],[-75.732756000078751,41.007908999710232],[-75.732631000405277,41.007956000226955],[-75.732212999930539,41.008113000311042],[-75.732182999793309,41.008124000328813],[-75.732243999892674,41.008202000278942],[-75.732339000327229,41.008297999934314],[-75.732510000031439,41.008463000222733],[-75.732700000002268,41.008635999740434],[-75.732843999942304,41.008759999836279],[-75.732966000141033,41.008861000048007],[-75.73318000040129,41.009037000147721],[-75.733424999725344,41.009265000024676],[-75.733596000327893,41.009450999661112],[-75.733700999909857,41.009595000090442],[-75.733767000032103,41.00970799998575],[-75.73383999982704,41.009875999687829],[-75.733926000040753,41.010141999695783],[-75.73398200011728,41.010350000217784],[-75.734114000361743,41.010743000298106],[-75.734120000209529,41.010757999908009],[-75.734121999859354,41.010769000162071],[-75.734167999890104,41.010899999842167],[-75.734289000263914,41.011240000197567],[-75.73432500024893,41.011340000167586],[-75.734377000127466,41.01147800021581],[-75.734456999595096,41.011692000210168],[-75.734495999953168,41.011795000317612],[-75.734589999664493,41.012030000229679],[-75.734679000251262,41.01223900002995],[-75.734822000366393,41.012554000237266],[-75.734959999560331,41.012835999900481],[-75.735027000405807,41.012964000123297],[-75.735075000086397,41.013055999727392],[-75.735366000339525,41.01358599983682],[-75.735438000309557,41.013722000338717],[-75.735583000074499,41.013993000033246],[-75.735614000036648,41.014050000194764],[-75.735665000090265,41.014127000120588],[-75.735742000083164,41.014241999947885],[-75.735798999984581,41.01431900032712],[-75.735838000342639,41.014371999717206],[-75.735937999901736,41.014492999840336],[-75.736110000329177,41.014683000100526],[-75.736333999736857,41.014935999896011],[-75.736574999761288,41.015218999978686],[-75.736667999647693,41.015319000009455],[-75.73670899965559,41.015356000267005],[-75.736773000128011,41.015416999675352],[-75.736892999778604,41.015523000035195],[-75.736963000098811,41.015578999785575],[-75.737041999741521,41.015639999665254],[-75.737149999696555,41.015718000206896],[-75.737283999590858,41.015824999843829],[-75.737346000413439,41.015884999735214],[-75.737384999873214,41.015929000027498],[-75.737425000056177,41.015979000200751],[-75.737507999896849,41.016092999748921],[-75.737572000369255,41.016167000051624],[-75.737654000385021,41.016245999724347],[-75.737824000264339,41.016379000220454],[-75.737969000029295,41.016483999958723],[-75.738056999892834,41.016548000285148],[-75.738200000007964,41.016644999729415],[-75.738292999894398,41.016705999977532],[-75.738466000146744,41.016820000300982],[-75.738513000002428,41.016861000053922],[-75.738554999835216,41.016903999949257],[-75.738570999728736,41.016924000269334],[-75.738591999645124,41.016953000315958],[-75.738620999957448,41.016999000059926],[-75.738642999698754,41.017049000098808],[-75.738649000444852,41.017067999954513],[-75.738662999790236,41.017115000037769],[-75.738670000361253,41.017165999729627],[-75.738671000186173,41.017235999867104],[-75.738661999965345,41.017295000089796],[-75.738644000421999,41.017354000259594],[-75.738606999713753,41.017434000279131],[-75.73858499997246,41.017481999837514],[-75.738569000078911,41.017525000005278],[-75.738544999789482,41.017609999844467],[-75.738542000314723,41.017621000310044],[-75.738533999918815,41.017683000065375],[-75.738507999979547,41.017983000003063],[-75.738497000108893,41.018157999731088],[-75.738485000413334,41.018398999680002],[-75.738477999842331,41.018587999799195],[-75.738476000192506,41.018671999904029],[-75.738473999644356,41.019050000066834],[-75.738476000192506,41.019256000156744],[-75.73848600023824,41.019655000229086],[-75.738499999583638,41.01974099973269],[-75.738523000048161,41.019817999784053],[-75.738557000383352,41.019900999976272],[-75.738605999888847,41.019995999831089],[-75.738670000361253,41.020102999974348],[-75.738734999760268,41.020200000283367],[-75.738816999776034,41.0203189998036],[-75.738891000294203,41.020441999907597],[-75.738962000439315,41.020575000064582],[-75.739024000363585,41.020710999692582],[-75.739076000242122,41.020843000298896],[-75.739101000356484,41.020919999739711],[-75.739130999595389,41.021013999797631],[-75.739200999915596,41.021261999926615],[-75.739256999992079,41.021480000050339],[-75.739272999885628,41.021584000116285],[-75.739277000083575,41.021717999672383],[-75.739270000410869,41.021745999970086],[-75.739251999969227,41.021782000335278],[-75.739225000205039,41.021815000313943],[-75.739199000265756,41.02183899985674],[-75.739174000151422,41.021855999668766],[-75.739108999854082,41.021893000320922],[-75.739020999990544,41.021945000048333],[-75.738923000081257,41.022004999787072],[-75.73881900032417,41.022067000160028],[-75.738738000133324,41.022102000005916],[-75.738681000231907,41.022120000093643],[-75.738655000292624,41.022128999796827],[-75.738606999713753,41.022152000237568],[-75.738563000231139,41.022187000038279],[-75.738548000162524,41.022203000095885],[-75.73853599956864,41.022221000156073],[-75.738507999979547,41.02227500030704],[-75.738463999598622,41.022382000136567],[-75.738446000055276,41.022444000154628],[-75.738421999765819,41.022591999961683],[-75.738421999765819,41.022706000264101],[-75.738424000313955,41.022823999667708],[-75.738427999613606,41.022971000323359],[-75.738444000405451,41.023395000233457],[-75.738467999796569,41.023806999698593],[-75.738482999865184,41.023999000154575],[-75.738508999804466,41.02424499994197],[-75.738516000375469,41.024309000182299],[-75.738526000421217,41.024388999887002],[-75.738548999987444,41.024549999989262],[-75.738576999576523,41.024719999724681],[-75.738596999668005,41.024836000336734],[-75.738657999767383,41.025140000059984],[-75.73867399966089,41.025211000152083],[-75.738687999904613,41.02526899971236],[-75.73877400011834,41.025639999967716],[-75.738817999600954,41.025878999752287],[-75.738876000225588,41.026306000077774],[-75.738893999768919,41.026404999940354],[-75.738913999860415,41.026535999700833],[-75.738963000264206,41.026787999779927],[-75.738976999609605,41.026860999993787],[-75.738995000051261,41.026955999974575],[-75.739012999594621,41.027063999921744],[-75.739021999815449,41.02712600027575],[-75.739032999686103,41.0272109999229],[-75.739058999625371,41.027414999712768],[-75.739087000112761,41.0276210000684],[-75.73914900003706,41.028030999694046],[-75.739178000349369,41.02818100032421],[-75.739205000113557,41.02829799983305],[-75.73924600012144,41.028446000037619],[-75.739263999664786,41.028504999705881],[-75.739319999741269,41.028653999689574],[-75.739371999619806,41.028767999663174],[-75.739431999894265,41.028882999680256],[-75.739487999970777,41.028976999892734],[-75.739642999781466,41.029210999939714],[-75.739919999790899,41.029582999901159],[-75.740105999563752,41.029801999813728],[-75.740245000379218,41.029894999844025],[-75.740417999733268,41.029957999789929],[-75.740652000085007,41.030024999892085],[-75.740764000238002,41.030056000037696],[-75.741032000026593,41.030137999980823],[-75.741180000164604,41.030189999974439],[-75.741211999951659,41.03020300013587],[-75.741649999619568,41.030398999756223],[-75.741754000274966,41.030460000141353],[-75.7419540002915,41.030605000263471],[-75.742119000147937,41.030764000329363],[-75.742397999807196,41.031138000061553],[-75.742462000279616,41.031208000257394],[-75.742576000082423,41.031301000334658],[-75.742745000136836,41.03139700021103],[-75.742899000122605,41.031453000017784],[-75.743016000298482,41.031482999967309],[-75.743209999568919,41.031505999851596],[-75.744346000094069,41.03148899982002],[-75.744737999731228,41.031484000168696],[-75.744965000410275,41.03148899982002],[-75.745219999780076,41.031494000148669],[-75.745336000131033,41.031505999851596],[-75.745450999758759,41.031525000280226],[-75.74554700001822,41.031548000149833],[-75.745638000254829,41.031569999811332],[-75.745704000377074,41.031589000221494],[-75.745772999974051,41.031610999869308],[-75.745839000096268,41.031631999988285],[-75.745912999716126,41.03165099970294],[-75.745994999731892,41.031665999973136],[-75.746068000425126,41.031673000007686],[-75.746407000358872,41.031678999843081],[-75.746819999912418,41.031691000189944],[-75.747187000333525,41.03170899968962],[-75.74786299965281,41.031750999858367],[-75.748173000172528,41.031749000141332],[-75.748522000151979,41.031735000087636],[-75.748974000063612,41.031725999664332],[-75.749234000354605,41.031719000313068],[-75.749512000188957,41.031709999887532],[-75.749872999863967,41.031689999991691],[-75.750607999632805,41.031626000148599],[-75.750950999764484,41.031585000099923],[-75.751513000179273,41.031509999977914],[-75.751662999967095,41.031490000021321],[-75.752653000004059,41.031367999747829],[-75.753577999743712,41.031257999674033],[-75.753735999927443,41.031244000193588],[-75.75393099992111,41.031227000094368],[-75.754510000054339,41.031217000073845],[-75.754867000429726,41.031217000073845],[-75.75534799975533,41.031214999662993],[-75.755625999589682,41.031225999889124],[-75.755864000139368,41.031258999878844],[-75.756418999983168,41.031396000008314],[-75.756599999733126,41.031433000043883],[-75.756788999879006,41.03146599992985],[-75.757084000330124,41.031502999926026],[-75.757387000278811,41.031514000104039],[-75.757495000233845,41.03152400007945],[-75.757558999807941,41.031538999700913],[-75.757675000158898,41.03158699982194],[-75.75773399971014,41.031624999949365],[-75.757840000015335,41.031725000144277],[-75.757908999612312,41.031808000238136],[-75.757975999559463,41.031905999765179],[-75.758008000244828,41.031961000300214],[-75.758050000077617,41.032052999798736],[-75.758076000016899,41.032123999890999],[-75.758100000306342,41.032204999778678],[-75.758127000070516,41.032326999856416],[-75.758142000139131,41.032437999686344],[-75.75815600038284,41.032582000010954],[-75.75817200027636,41.032693000088528],[-75.758200999690359,41.032833999990508],[-75.758276999858353,41.033082999829553],[-75.758383000163548,41.03338999994309],[-75.758440999889871,41.033599999900346],[-75.758451999760538,41.033690000160917],[-75.758449000285793,41.033763000176542],[-75.758408000277925,41.033940999801004],[-75.758389000011348,41.034035999730975],[-75.758387000361523,41.034092000003547],[-75.75839200038439,41.034173000180353],[-75.758403000255043,41.034232000137685],[-75.758433000392287,41.034331000280325],[-75.758475000225076,41.034435999858239],[-75.758528999753423,41.034547999675162],[-75.758565999563345,41.034640999777622],[-75.758589000027868,41.034741000134723],[-75.758597000423791,41.034871000100736],[-75.758613000317325,41.035055000322721],[-75.758680000264476,41.035334000120109],[-75.758820000006565,41.035704999906145],[-75.758825000029432,41.035739999957002],[-75.758885000303877,41.035907999671132],[-75.758973999992349,41.036154999819331],[-75.759087999795156,41.036442000028977],[-75.759189000077498,41.036651000291421],[-75.759204000146113,41.036690999773207],[-75.759257999674475,41.036780999873564],[-75.759372000375606,41.036920999709736],[-75.75943400029989,41.036981000032355],[-75.759502000071947,41.03704000018336],[-75.759666999928385,41.037165999892338],[-75.759753000142098,41.037223000326811],[-75.760022999580542,41.037365000124581],[-75.760109999619175,41.037415999719492],[-75.760122000213059,41.037423999931399],[-75.760261999955134,41.037524000126268],[-75.760502000154645,41.037705000065621],[-75.760744000003996,41.037894999765996],[-75.760831000042629,41.037964000127666],[-75.760933999974796,41.038056000045728],[-75.761015000165642,41.038145000212296],[-75.761108999876967,41.038281000143023],[-75.761140999664022,41.038343000097939],[-75.761169999976332,41.038415999696738],[-75.761197999565425,41.038520000117728],[-75.761205000136428,41.038553999933043],[-75.761210999984229,41.03863199976184],[-75.76126000038802,41.03884999997468],[-75.76129100035017,41.03907000031532],[-75.761286000327289,41.039344000302698],[-75.761272999908499,41.039520999663424],[-75.761251999992112,41.039719000152772],[-75.761214000357256,41.040005999729367],[-75.761209000334404,41.04011399995187],[-75.761210999984229,41.040216000262774],[-75.761224000403018,41.040346000257216],[-75.761241999946364,41.040445000012994],[-75.761257000014993,41.040506999962162],[-75.761272999908499,41.040575000232678],[-75.761276000281555,41.040591999950529],[-75.76127799993138,41.040663999703376],[-75.761270000433768,41.040724000001838],[-75.76126100021294,41.040754999852311],[-75.761227999702655,41.040842999697986],[-75.761207999611173,41.040907000066213],[-75.761205000136428,41.040958000304485],[-75.761210999984229,41.041007999769057],[-75.761225000227924,41.041054999705416],[-75.761248999619056,41.041104999773808],[-75.761318999939263,41.041217999815608],[-75.761415000198724,41.04135600027503],[-75.761482000145875,41.041445000044739],[-75.761539999872198,41.041523999884127],[-75.761693000033077,41.041661000332731],[-75.761852000041728,41.041810999720447],[-75.761924999836651,41.041876999911864],[-75.762611999924928,41.042364000304808],[-75.76277599995646,41.042480000320523],[-75.762806000093661,41.042500999682382],[-75.762948000383901,41.042630999906223],[-75.763078000080256,41.042636000066047],[-75.763128000308953,41.042640000193657],[-75.763206999951677,41.042648999802317],[-75.76332400012754,41.042670999819165],[-75.763391000074691,41.042688999704318],[-75.763447000151189,41.04270800029294],[-75.763485999610921,41.042721000014943],[-75.763597999763917,41.042767000053139],[-75.763651000365684,41.042800999707161],[-75.763735999856181,41.042856999975868],[-75.763836000313617,41.042938000207663],[-75.763951999766249,41.043030999974448],[-75.764022000086456,41.043082999947003],[-75.764089999858513,41.043129999756566],[-75.764110999774914,41.0431450001212],[-75.764140999912129,41.043164999924507],[-75.764228999775682,41.043221999906535],[-75.764344000301733,41.043290000081996],[-75.764488000241784,41.043371999801579],[-75.764823999802431,41.043561000063313],[-75.764951999848947,41.043633999972549],[-75.764991000207019,41.043656999676564],[-75.765079999895462,41.04370799981637],[-75.765104000184934,41.043721000018415],[-75.765130999949108,41.043736000248344],[-75.765212999964874,41.04378300026908],[-75.765373999623336,41.043873000157447],[-75.765469999882825,41.04392700016686],[-75.765540000203018,41.043967999981334],[-75.765628000066556,41.044028999988534],[-75.765689000165935,41.044081999860026],[-75.765722999602801,41.044116000189739],[-75.76578399970218,41.044185000127399],[-75.76583499975581,41.044236999865646],[-75.765982999893808,41.044408000265676],[-75.766443000201335,41.0449729999889],[-75.766497999554616,41.045046999682086],[-75.766623000126387,41.045220999987855],[-75.766716999837726,41.045365000126615],[-75.766766000241532,41.045459999829163],[-75.766802000226548,41.045545000195624],[-75.76698100032668,41.045752000039023],[-75.767172999947306,41.045973000324793],[-75.767239000069537,41.046070999766386],[-75.767336000153918,41.046159999934773],[-75.767397000253297,41.04622099994257],[-75.767490000139716,41.046330000104476],[-75.767572999980388,41.04644299998229],[-75.767802000309246,41.046810000285355],[-75.767936000203548,41.047042000020944],[-75.767973000013484,41.047115000133601],[-75.768045999808407,41.047249999859382],[-75.768142999892788,41.047431000151185],[-75.768229000106516,41.047585999720845],[-75.768302999726345,41.047699000151688],[-75.768387000290247,41.047805000037727],[-75.768487999674278,41.047908999849412],[-75.768624000116716,41.04802600020323],[-75.768783000125381,41.048166999779973],[-75.768906000149016,41.048285000298627],[-75.769098999594561,41.048482000222158],[-75.769223000341441,41.048622000235689],[-75.769265000174229,41.0486719999748],[-75.769295000311459,41.048710999663633],[-75.769302999809057,41.048719999796958],[-75.769507999848472,41.048972000321356],[-75.769849000330311,41.049398999909883],[-75.769979999851572,41.049592000180603],[-75.770092000004581,41.049811999840855],[-75.770143999883118,41.049900999691516],[-75.770275000302661,41.050093999844648],[-75.770337000226959,41.050190000089067],[-75.770398000326324,41.050345999848744],[-75.770419000242725,41.050425999755738],[-75.770431999763204,41.050501999916001],[-75.770437999610991,41.050552000258804],[-75.770440000159113,41.050633999736171],[-75.770435999961165,41.050721000011706],[-75.770409000196992,41.050928999736925],[-75.770358000143347,41.05113999986763],[-75.770301000241943,41.051325999797314],[-75.770282999800273,41.051444000070127],[-75.770276999952486,41.051548000227001],[-75.770297999868887,41.051852999791002],[-75.770297999868887,41.052013999796927],[-75.770225000073964,41.054128000316837],[-75.770229000271911,41.054233000151008],[-75.770244000340526,41.054275000173213],[-75.770275000302661,41.054480999797129],[-75.770292999846035,41.054695000275402],[-75.770326000356292,41.054821000054076],[-75.770368000189094,41.054957000071298],[-75.770386999557346,41.055018000052442],[-75.770425000090498,41.055168999995594],[-75.770449000379955,41.055284999792818],[-75.770477999793954,41.055443000016751],[-75.77048000034209,41.055463999983672],[-75.770500000433572,41.055677000139994],[-75.770512000129131,41.055811000078918],[-75.770528999847571,41.055892999775473],[-75.770586999573894,41.056051999721944],[-75.770646999848339,41.056159000202328],[-75.770755999628292,41.056334999898574],[-75.770819000275793,41.056487999848464],[-75.770855000260809,41.05665299998001],[-75.770861999933501,41.056746999824689],[-75.770846999864901,41.057057000090097],[-75.770873999629075,41.057226000067431],[-75.770882999849903,41.057347000020926],[-75.770877999827036,41.057418999730913],[-75.770801999659042,41.057747000046533],[-75.770790999788389,41.0578399998818],[-75.770790999788389,41.057994000193872],[-75.77081400025294,41.058158000138576],[-75.770842999666939,41.058273000289574],[-75.770893999720542,41.058456000321492],[-75.771005999873552,41.058847000275208],[-75.771050000254476,41.058992000180027],[-75.771090000437454,41.059126000139564],[-75.771123999874334,41.059253000016064],[-75.771150999638508,41.059375000082454],[-75.77118599979859,41.059589000218701],[-75.771200000042313,41.059760000007515],[-75.771210000088061,41.059889000231323],[-75.771216999760739,41.05994099975117],[-75.77123500020241,41.060024000163097],[-75.771275000385373,41.060155000077906],[-75.771292999928718,41.060213999773325],[-75.771326000439018,41.060336999852154],[-75.771345999632175,41.060421000203355],[-75.771357000401153,41.060472000219093],[-75.771379000142446,41.060563999828737],[-75.771406999731539,41.060645999696298],[-75.771475000401907,41.060803999912736],[-75.771513000036748,41.060931999689757],[-75.77151899988452,41.060960000242794],[-75.771524999732335,41.060990000289884],[-75.771532000303324,41.061048999913631],[-75.77153599960296,41.061089000145053],[-75.77153599960296,41.061121000312653],[-75.771530999580108,41.061154999965666],[-75.771516000409804,41.061197000309662],[-75.771492000120361,41.061238999949488],[-75.771460000333306,41.061276000142165],[-75.771420000150329,41.0613099997151],[-75.771384000165327,41.06133399976158],[-75.771266999989464,41.061405000101928],[-75.771082000041531,41.061485999852891],[-75.770892999895651,41.06154100005336],[-75.770775999719788,41.061586999803922],[-75.770586999573894,41.061681999790693],[-75.77049600023561,41.061741000148309],[-75.770423000440687,41.061796000135523],[-75.770333000028998,41.061874000186307],[-75.770276000127581,41.061932999694378],[-75.770216999678041,41.062290000249519],[-75.770137000210411,41.062779999781917],[-75.770045000148912,41.063343999838601],[-75.770160999601543,41.06371000029943],[-75.770239000317673,41.063877000019865],[-75.770262999708791,41.06393299996094],[-75.770277999777406,41.063990000239009],[-75.770281000150462,41.064106999763865],[-75.770256999861019,41.064200000088697],[-75.770136000385506,41.06443900007249],[-75.770071999913085,41.064641000231646],[-75.770036999752989,41.064933999668277],[-75.770039000301111,41.065248000060997],[-75.770034000278244,41.065614999767227],[-75.770031999730108,41.065746999740213],[-75.770030999905202,41.065826000202769],[-75.770040000126031,41.065940000137111],[-75.770096000202528,41.066610000248687],[-75.770073999562911,41.067014999815868],[-75.770066999890219,41.06722399982911],[-75.770088999631511,41.067939000126508],[-75.77008799980662,41.068021999926366],[-75.770042999600761,41.068410999942358],[-75.77005400036974,41.068620000259294],[-75.770061999867337,41.068760000083842],[-75.770072999738005,41.068963999778298],[-75.770081000133928,41.069066999695671],[-75.770117999943835,41.069444000068493],[-75.770184000066081,41.069887999790708],[-75.770296000219062,41.070416999962845],[-75.77043400031134,41.070916999975445],[-75.770518999801823,41.07117900016771],[-75.7706510000463,41.071545999955795],[-75.770775999719788,41.071928999888087],[-75.770815000077846,41.072064999746303],[-75.770917000185094,41.072425999823004],[-75.770989999980031,41.072643999813558],[-75.771013000444569,41.072683999764436],[-75.771050000254476,41.072734000176659],[-75.77107700001865,41.072761999767849],[-75.771087000064384,41.072770999996742],[-75.771210000088061,41.072867999902044],[-75.771272000012331,41.072924999884371],[-75.771281000233174,41.072932999842344],[-75.771425999998129,41.073107000210022],[-75.77151899988452,41.073278000064313],[-75.771557000417673,41.07338099999555],[-75.771610999946049,41.073545999733206],[-75.771666000197612,41.073754999980181],[-75.771696000334856,41.073926999736891],[-75.771745999665256,41.074243999857615],[-75.771790999871101,41.07446199991454],[-75.771826999856117,41.07459999971978],[-75.771929999788284,41.074912000243195],[-75.771959000100594,41.074996999801357],[-75.771996999735435,41.075171000123689],[-75.772006999781169,41.075360999988483],[-75.771955999727538,41.075953000073575],[-75.771965999773272,41.076228999906206],[-75.771996999735435,41.076444000243832],[-75.772002999583208,41.076665999867103],[-75.771989000237809,41.076806000165256],[-75.771974000169209,41.076892000171526],[-75.771950999704671,41.076983999833196],[-75.771923000115578,41.077074999857658],[-75.771877000084828,41.077190000110228],[-75.771819000358505,41.077306999848624],[-75.771765999756738,41.077395999741668],[-75.771389000188194,41.077919000087199],[-75.771127000247361,41.07824399990681],[-75.771025000140128,41.078350000004669],[-75.770292999846035,41.07901299986861],[-75.769358000060635,41.079915999892293],[-75.768819999935303,41.080479999905144],[-75.768648000406159,41.080669999998605],[-75.768213000212981,41.081172000147433],[-75.767969999640428,41.081469000199846],[-75.76691799967918,41.08275999998525],[-75.766203000001823,41.083618000194477],[-75.765884999984507,41.084018000218371],[-75.765760000311047,41.084197000068549],[-75.765665999701383,41.084389999795725],[-75.765640999587035,41.084468000128076],[-75.765607000150155,41.084673999970398],[-75.765614999647767,41.084863000059698],[-75.765744000417513,41.085531000185924],[-75.765838999953758,41.085834999864133],[-75.76590900027395,41.085984000041421],[-75.76598899974158,41.08610699998772],[-75.766094000221884,41.086275999786196],[-75.766135000229781,41.086353999911147],[-75.766188999758128,41.086479999969541],[-75.766223999918225,41.086581000121278],[-75.766392999972624,41.087202000277273],[-75.766736000104302,41.088099000071701],[-75.766863000325912,41.088419000266256],[-75.766948999641329,41.088721000107988],[-75.767242000442593,41.090248999895529],[-75.76734500037476,41.090750999992252],[-75.767550000414161,41.091654999829004],[-75.767567000132601,41.091769000334679],[-75.767578000003269,41.091888999726784],[-75.767578000003269,41.09194500018053],[-75.76757899982816,41.092144999863947],[-75.767558999736679,41.092338999895816],[-75.767521999926771,41.092536999833214],[-75.767490999964622,41.092658999750547],[-75.767404999750894,41.092898999803488],[-75.767376000336895,41.092959999792861],[-75.767306000016703,41.093082000278663],[-75.767284000275396,41.093112999827746],[-75.767094000304596,41.093332000200171],[-75.766901999785645,41.093507999920867],[-75.766888000440275,41.093537000075806],[-75.766767000066437,41.09360099995213],[-75.766694000271499,41.093669000175623],[-75.766440999653213,41.093792999884187],[-75.766320000177686,41.09382700024382],[-75.766269000124083,41.093848000138607],[-75.766248000207668,41.093856000257937],[-75.766091999673748,41.093909999853217],[-75.766069999932441,41.093917999964987],[-75.765932999665097,41.093958999760993],[-75.765793999747913,41.093994999890974],[-75.765771000181701,41.094001000136373],[-75.765606000325249,41.094036000315882],[-75.765582000035806,41.094040999953187],[-75.765438999920676,41.094065000237734],[-75.765320000094988,41.094080999745593],[-75.765303000376548,41.09408300027615],[-75.76518399965255,41.094094000146782],[-75.765165000284284,41.094095000073366],[-75.765054999781114,41.094101000309621],[-75.76502800001694,41.094101000309621],[-75.764889000099785,41.094102000236141],[-75.764862000335583,41.094101000309621],[-75.764751999832413,41.094095999999972],[-75.764732999565851,41.094095000073366],[-75.764605000417646,41.094085000129674],[-75.764478000196021,41.094068999945819],[-75.764288000225235,41.094037000243389],[-75.764115999797795,41.094002000064414],[-75.764100999729166,41.093999000280341],[-75.763954000314385,41.093963000152499],[-75.763931999674782,41.093956999903625],[-75.763757999597502,41.093907000064938],[-75.763593999565956,41.09385299979018],[-75.763480999588069,41.093809000135259],[-75.763376000006076,41.093760000115651],[-75.763294999815216,41.093715999721439],[-75.763279999746601,41.093707000329559],[-75.763191999883048,41.093650000090385],[-75.763181000012409,41.093642999879428],[-75.76310499984443,41.093585000327415],[-75.763022999828664,41.093513000275323],[-75.762954000231687,41.093442000080842],[-75.762787999652019,41.093251999678834],[-75.762627999818449,41.093060000196708],[-75.762473000007745,41.092865000317566],[-75.762324000044828,41.09266799996302],[-75.762180999929697,41.092467999840721],[-75.762053999708101,41.092290000133787],[-75.76192099963869,41.092113999858107],[-75.761783000444751,41.09194099966615],[-75.761735999690771,41.091891000324125],[-75.761698000055929,41.091855999678863],[-75.761684999637154,41.091846000071342],[-75.761631999933698,41.091807000233572],[-75.761621000063045,41.091799999826293],[-75.761570000009414,41.091771000258596],[-75.761503999887182,41.091740000076328],[-75.761430000267325,41.091713999693738],[-75.761374000190841,41.091698000286435],[-75.761355999749171,41.091693999757005],[-75.761284999604058,41.09168000027158],[-75.761271000258674,41.091677999667802],[-75.761200999938467,41.091670999923757],[-75.761129999793368,41.091669999960281],[-75.760966999586756,41.091673999814191],[-75.760947000393571,41.091674999777595],[-75.760764000095477,41.091686000051382],[-75.760590000018212,41.091702000138639],[-75.760560999705888,41.091705000027609],[-75.760400999872317,41.091725999923675],[-75.760241000038747,41.091750999662189],[-75.760220999947251,41.091755000188208],[-75.760052999717757,41.091788000286847],[-75.759867999769853,41.091830999980253],[-75.759849000401587,41.091835999785324],[-75.759696000240723,41.09187800016403],[-75.759081999947384,41.092053999717876],[-75.758992000434006,41.092081999880421],[-75.758980999665027,41.092085999709191],[-75.758886999953717,41.092122000188589],[-75.758793000242378,41.092163999707381],[-75.758778000173763,41.092171000075922],[-75.758697999807822,41.092214000195675],[-75.758608000294458,41.092266999832205],[-75.758548999844905,41.092302000258506],[-75.75851899970769,41.092320000102951],[-75.758430999844137,41.092375000236579],[-75.758402000430124,41.092393000061016],[-75.758343999805504,41.0924300003241],[-75.758257999591777,41.092487000267809],[-75.758147999986903,41.0925649997899],[-75.758045000054764,41.092646999691027],[-75.757948999795289,41.092734999850883],[-75.757860000106831,41.092826999676575],[-75.757810999703025,41.092875999715126],[-75.757802000380494,41.092883999952811],[-75.757739999557913,41.092933999893091],[-75.757727000037434,41.092944000011983],[-75.757665999938069,41.092983999795365],[-75.757599999815838,41.093020999725596],[-75.757588000120265,41.093026000117128],[-75.75751000030246,41.093061000139073],[-75.757494000408926,41.093066999792754],[-75.757419999890757,41.093091999698061],[-75.757297999692042,41.093133000009523],[-75.757183999889222,41.093178000057733],[-75.757169999645527,41.093183999700784],[-75.757066999713373,41.093233000150072],[-75.756958999758325,41.09329199995171],[-75.756855999826158,41.09335600006672],[-75.756668000403494,41.093479999689123],[-75.756635999718142,41.093500999694783],[-75.756422000356196,41.093634999734171],[-75.756412000310462,41.093641000012497],[-75.756378999800205,41.093661000033521],[-75.756182000156684,41.093778000237634],[-75.755958999675613,41.093906000135448],[-75.755847000420943,41.09397000032935],[-75.755735000267961,41.094032999856331],[-75.755509000312131,41.094159000083138],[-75.75539999963388,41.094223999955183],[-75.755386000288496,41.094232000028718],[-75.75535000030348,41.094252999794037],[-75.755269000112634,41.094309000263664],[-75.755156000134733,41.09439100001898],[-75.755144000439145,41.094399999994117],[-75.75504900000459,41.09447700003215],[-75.754960000316132,41.094555999819114],[-75.754949000445478,41.094567000287505],[-75.754854999835842,41.094661000091541],[-75.754771000170251,41.094752999928005],[-75.754756999926556,41.094768999945273],[-75.754685999781429,41.094858999800572],[-75.754609999613464,41.094953999777346],[-75.75459500044316,41.094973000162383],[-75.754495999810644,41.095083000003306],[-75.754488000313032,41.095091999883628],[-75.754398999726249,41.095181000063377],[-75.754390000403745,41.095189000020362],[-75.75427800025075,41.095292000141306],[-75.754258000159268,41.09530800002733],[-75.754157999701846,41.095389999889584],[-75.754073000211349,41.095460000103856],[-75.754064999815412,41.09546700012114],[-75.753977999776794,41.095548999784967],[-75.753896999585933,41.095635000313074],[-75.753823999790981,41.095723999757141],[-75.753817000118303,41.095732000324986],[-75.753756999843844,41.095816000135791],[-75.753572999720831,41.096085999767233],[-75.753530000063108,41.096155000021554],[-75.753492000428295,41.096232999927459],[-75.753467000313933,41.096300000241335],[-75.753448999872262,41.096375000299432],[-75.753446000397531,41.096388000246627],[-75.753438000001609,41.096451000162652],[-75.753436000351783,41.096531000173073],[-75.753436000351783,41.09654499997869],[-75.75344200019957,41.096637999772348],[-75.75344300002449,41.096652000232197],[-75.753456000443279,41.096731000111326],[-75.753474999811544,41.096845999817042],[-75.753484000032358,41.096955999906356],[-75.753484999857278,41.09697000029842],[-75.753484999857278,41.097065999811512],[-75.753484000032358,41.097075999978394],[-75.753474999811544,41.097190999757039],[-75.753456000443279,41.097305000133623],[-75.753427999955861,41.097461999704819],[-75.75342600030605,41.097470999936228],[-75.753406000214568,41.097619000254703],[-75.753403999666418,41.097638999741591],[-75.753390000321033,41.097777000299914],[-75.753387999772897,41.097805999924148],[-75.753381000100219,41.097974000226628],[-75.7533800002753,41.098132000094822],[-75.7533800002753,41.098142000099415],[-75.753381000100219,41.098172000103993],[-75.753382999750031,41.098236000203435],[-75.753386999947992,41.098301000103021],[-75.753387999772897,41.098310000219477],[-75.753388999597817,41.098330000172872],[-75.753402000016607,41.098477999909832],[-75.753402999841512,41.098487999861689],[-75.753423999757914,41.0986449999901],[-75.753446000397531,41.098762000117674],[-75.753448000047371,41.098771000170913],[-75.753474999811544,41.098878000183035],[-75.753479999834411,41.098897000110071],[-75.753520000017375,41.099021000104258],[-75.753566999873044,41.099144000014704],[-75.753575000268967,41.099162000015262],[-75.753622000124636,41.099264000151067],[-75.753626000322598,41.099273999983303],[-75.753684000048906,41.099383000222161],[-75.753920000050471,41.099807999779735],[-75.754151000029125,41.100233999805006],[-75.754376999984956,41.100662000105224],[-75.754480999742015,41.100871000092376],[-75.754484999939976,41.100879999856623],[-75.754583999674182,41.101099000058262],[-75.754618999834278,41.101189999859272],[-75.754623999857159,41.101205999662483],[-75.754655999644214,41.101314000262995],[-75.754659999842161,41.101329000219494],[-75.754678000283832,41.101422999823939],[-75.754689999979405,41.101516999970784],[-75.754690999804311,41.101532999694335],[-75.754695000002258,41.101643000057422],[-75.754694000177366,41.101658999750278],[-75.754689000154485,41.101754000046263],[-75.754676999560616,41.101847999719354],[-75.75467400008587,41.101864000039185],[-75.754648999971508,41.101973000041198],[-75.754644999773561,41.101987999847239],[-75.754616000359562,41.102080000252272],[-75.75457700000149,41.102178999830478],[-75.754537999643432,41.102260999915089],[-75.75453099997074,41.102276000332232],[-75.754478000267298,41.102370999735761],[-75.754418999817759,41.102464000080374],[-75.754408999772011,41.102477999975278],[-75.754356000068569,41.102549999677741],[-75.754347999672646,41.102561000161231],[-75.754280999725495,41.102641000175893],[-75.754125000089871,41.102817000000577],[-75.754099000150603,41.102846000107178],[-75.753919000225551,41.103037000302713],[-75.753910000004723,41.103047000237424],[-75.753883000240535,41.103074999775671],[-75.753715999835961,41.103244999713681],[-75.753668999980292,41.103288000030417],[-75.753617000101755,41.103328000284044],[-75.753561000025272,41.103364999803169],[-75.753500999750798,41.103398000161611],[-75.753437000176703,41.103427000011649],[-75.753328000396763,41.103470000209271],[-75.753215000418862,41.103508000108548],[-75.753099999892797,41.103542999960695],[-75.752982999716934,41.103571999746762],[-75.752889000005609,41.103596999715407],[-75.75279699994411,41.103626000154485],[-75.752707000430746,41.103658999704855],[-75.752621000217019,41.103697000171728],[-75.752536999653117,41.103737999956024],[-75.752457000185473,41.103777999935559],[-75.752374000344801,41.103814000099398],[-75.752287000306183,41.103844999999026],[-75.752197999719399,41.103872000096175],[-75.752141999642902,41.103887000145349],[-75.752010000296735,41.103921000018524],[-75.751820000325949,41.103966000122242],[-75.751627999806999,41.104005000187186],[-75.751435000361468,41.104038999999275],[-75.751291000421432,41.10406000001376],[-75.751262000109108,41.104063999790156],[-75.751087000206937,41.104081999796122],[-75.751072999963228,41.104083000247563],[-75.750927000373352,41.104093000022992],[-75.750912000304737,41.104093000022992],[-75.750735999679321,41.104098000248534],[-75.750707000265322,41.104099000022877],[-75.75055999995223,41.104096999797328],[-75.750349000065043,41.104093999797364],[-75.750318999927813,41.104093999797364],[-75.75008899977405,41.104096999797328],[-75.750077000078477,41.104096999797328],[-75.749836000054046,41.104107000247481],[-75.749820999985431,41.104108000021682],[-75.749621999793817,41.104122000243031],[-75.749548000173945,41.104129000014098],[-75.749493999747287,41.104132999786302],[-75.749406999708668,41.104144999778214],[-75.749374999921613,41.104146000228695],[-75.749355999655023,41.104147999775854],[-75.749118000003648,41.104177999744692],[-75.749087999866433,41.104182000190804],[-75.748881000177178,41.104213999689257],[-75.748748999932715,41.104235000324685],[-75.748732000214275,41.10423699986913],[-75.748582000426453,41.104253000283784],[-75.74843000009048,41.104263000033328],[-75.74841300037204,41.104263999805113],[-75.748277999754535,41.10426800024598],[-75.748143000035313,41.104266999797353],[-75.748126000316859,41.104266999797353],[-75.747967000308208,41.104259000269103],[-75.747823000368172,41.10424599984902],[-75.747805999751421,41.104244000304853],[-75.747672999682024,41.104227000115621],[-75.747554999681242,41.104206999927243],[-75.747526000267243,41.10420099993717],[-75.747394999847685,41.104170999978841],[-75.747379999779071,41.104167999982259],[-75.747255999930502,41.104132999786302],[-75.747122000036214,41.104087999797017],[-75.746993000164764,41.104036999771886],[-75.746889000407705,41.10399000016497],[-75.746870999966035,41.103981999926063],[-75.746757000163228,41.10392199979556],[-75.746738999721543,41.103911999994089],[-75.746644000185313,41.103854999810643],[-75.746477999605659,41.103753000035802],[-75.746308999551246,41.103654999903839],[-75.746136000197197,41.103561000109529],[-75.745958999746875,41.103470000209271],[-75.745885999951952,41.103436000102604],[-75.745874000256393,41.1034309998266],[-75.745788000042666,41.103398999946613],[-75.74570500020198,41.103373999902573],[-75.745690999958271,41.103370999869583],[-75.745608999942519,41.103351999883031],[-75.74551799970591,41.103338000174439],[-75.745440999713026,41.103329999856108],[-75.74542200034476,41.103328000284044],[-75.745331999933072,41.103325000248944],[-75.745242000419708,41.103326999821107],[-75.745228000175999,41.103328000284044],[-75.745142999787191,41.103335000139808],[-75.745064999969387,41.103341999994761],[-75.745052000448894,41.103342999780615],[-75.744961000212314,41.103342999780615],[-75.744947999793524,41.103342999780615],[-75.74486999997572,41.103336999711651],[-75.744608999859807,41.10331099985774],[-75.744229999743112,41.103272999844421],[-75.744106999719477,41.10325800033192],[-75.744090999825929,41.103256000080755],[-75.74398600024395,41.103240000100044],[-75.743961000129602,41.103234999809175],[-75.743831000433261,41.10320800012699],[-75.743711999709262,41.103177999714973],[-75.743694000165917,41.103173000096298],[-75.74357799981496,41.103138000046911],[-75.743467000385195,41.103099000143985],[-75.743315000049222,41.103044999979829],[-75.743280999714031,41.103034000254333],[-75.743109000184901,41.102980999828034],[-75.743083000245633,41.102973000143173],[-75.742925000061888,41.102930000297043],[-75.742715999824512,41.102878000256673],[-75.742669999793762,41.102866999826283],[-75.742436000340334,41.102814999735976],[-75.742400000355332,41.10280799982484],[-75.742323000362433,41.102793000206084],[-75.742187999744914,41.102765999665316],[-75.741938000397994,41.102721999888416],[-75.741687000327815,41.102682999738441],[-75.741638999748915,41.102677000286107],[-75.74143500043273,41.10264999969764],[-75.74111900006524,41.10260899991097],[-75.740805000245899,41.102561999958922],[-75.740492000251436,41.102508000030134],[-75.740181999731718,41.102447999906715],[-75.739873999760135,41.102383000049649],[-75.739657999850067,41.102338000215056],[-75.739440000290188,41.102300000315658],[-75.739220000182158,41.102267999884567],[-75.738999000249223,41.102243000086922],[-75.738776999593057,41.102225000253767],[-75.738554000010296,41.102213999713996],[-75.73832999970432,41.102209000021872],[-75.738107000121545,41.102212000107947],[-75.737563999973347,41.102226999859411],[-75.737020999825134,41.102246000171448],[-75.736465000156429,41.102268999686714],[-75.736148999788952,41.102287999986608],[-75.735833000319758,41.102312999767122],[-75.735518999602093,41.102345999977317],[-75.73524199959266,41.102380999771825],[-75.734966000306457,41.102420999901028],[-75.734690999946835,41.10246700015481],[-75.734418999960269,41.102518999843738],[-75.734147999798608,41.102575000035458],[-75.733879000185112,41.102637000312882],[-75.733715000153566,41.102679999673882],[-75.73355299977186,41.102728000013563],[-75.733393999763209,41.102780999967109],[-75.733238000127585,41.102839000199346],[-75.733130999997471,41.102885000160349],[-75.733028000065318,41.102937000195226],[-75.732930999980923,41.102993999821621],[-75.732838999919423,41.103055999703479],[-75.732752999705696,41.103122000037452],[-75.732673000238066,41.103192999922719],[-75.732600000443142,41.10326800023293],[-75.732535000145802,41.103347000277545],[-75.732280999702581,41.103682000079104],[-75.732033999830378,41.104020000205985],[-75.731792999805975,41.104360999934876],[-75.731557999629317,41.104704000130845],[-75.731335000046556,41.105041999735718],[-75.731119000136488,41.105381999817986],[-75.730909000074206,41.105725000096129],[-75.730704999859711,41.106068999680666],[-75.730611000148372,41.106223999801827],[-75.730509000041124,41.106376000338216],[-75.730400000261184,41.106524000219622],[-75.730087000266749,41.106924999955304],[-75.729765999876378,41.107320999969765],[-75.729436999988408,41.107713999792047],[-75.729329000033374,41.107835000231667],[-75.729214000405634,41.107952000232146],[-75.729093000031824,41.108064999814836],[-75.728964000160389,41.108172999965042],[-75.728829000441181,41.108276999741207],[-75.72871599956494,41.108355999851597],[-75.728596999739267,41.108429999971577],[-75.728472000065807,41.108499000118108],[-75.728343000194371,41.108563000306845],[-75.728209000300069,41.108621000170231],[-75.728072000032711,41.108672999724149],[-75.726645000152757,41.108751000331452],[-75.726018000338939,41.108838999898786],[-75.725661999788485,41.108899999975712],[-75.725058000439219,41.108976999936473],[-75.724984999745956,41.108999000102109],[-75.724768000010982,41.109037000186149],[-75.724243000304426,41.109169000271642],[-75.724105000212177,41.109214000163185],[-75.723973999792619,41.109263999856168],[-75.72376999957811,41.10936300011047],[-75.723654000125464,41.109434000016371],[-75.723531000101815,41.109544000004988],[-75.723464999979569,41.109625999691964],[-75.723401000405474,41.109792999852175],[-75.722419999691027,41.110276000157775],[-75.721618999799958,41.11102799974207],[-75.721043000039785,41.111619999994048],[-75.721034999643848,41.111661999905152],[-75.720986999963273,41.111871000078573],[-75.720851000419145,41.112467999762274],[-75.720832000152583,41.112494000051399],[-75.720779000449127,41.112570000212735],[-75.72071099977876,41.112671999827896],[-75.720674999793744,41.11272400023428],[-75.720565000188884,41.112890000318806],[-75.720530000028788,41.112945999787826],[-75.72052099980796,41.112960000155219],[-75.720467000279598,41.113040999998496],[-75.720397999784311,41.113132000171092],[-75.720287000354546,41.113048999810466],[-75.720258000042236,41.113037999730345],[-75.720239999600565,41.113050000125277],[-75.72022200005722,41.113082000039803],[-75.720200000315899,41.113175999740776],[-75.720186000072204,41.113192000007693],[-75.720176999851361,41.113225000165144],[-75.720054999652632,41.113708000263863],[-75.720041000307248,41.113725000028886],[-75.719982999682628,41.113944000031424],[-75.719967999613999,41.113960999735291],[-75.719714000069104,41.113967000187095],[-75.719586999847508,41.113974000262303],[-75.719344000173237,41.113989000034209],[-75.719263999807296,41.114103999976301],[-75.718626000122853,41.115454999871204],[-75.718553000327901,41.115591999938914],[-75.718555999802646,41.115681000086575],[-75.718560999825527,41.115785000151845],[-75.718539000084206,41.115927000209169],[-75.718494999703282,41.116032000154071],[-75.71811099956372,41.116542000204582],[-75.717893000003826,41.116887999800809],[-75.717850000346118,41.116932000236808],[-75.717472000054357,41.117443000310253],[-75.717363000274418,41.117563999738486],[-75.717268999664753,41.117640999689186],[-75.717051000104874,41.117701000141828],[-75.716970999738933,41.117740000169782],[-75.716921000408533,41.117794999996327],[-75.71691300001261,41.11781699991402],[-75.716934999753931,41.117947999701983],[-75.71691399983753,41.118003000030953],[-75.716877000027594,41.118052999797854],[-75.716747000331253,41.118129999851632],[-75.716622999584374,41.118168000064635],[-75.716485000390435,41.118200999750883],[-75.716137000235889,41.118234000097303],[-75.715882999792683,41.118244999983496],[-75.715701000217805,41.118234000097303],[-75.715389000048262,41.118185000028092],[-75.715033000396119,41.11809200029343],[-75.71488000023524,41.11804199987948],[-75.714784999800685,41.117995000145939],[-75.714734999571959,41.117970999808236],[-75.714698999586943,41.117959999876113],[-75.713217000353723,41.117247000159075],[-75.713049999949135,41.117153000196559],[-75.712984999651809,41.117103999997134],[-75.712860999803254,41.116977999799779],[-75.712686999725975,41.116824000282911],[-75.712374999556445,41.116576999876962],[-75.712100000095148,41.116397000009513],[-75.712048000216612,41.116362999828709],[-75.711699000237147,41.116181999784075],[-75.711481999603876,41.116083000337447],[-75.71144499979394,41.116077000079052],[-75.711288000333425,41.116007000182435],[-75.711264000043968,41.116005999912666],[-75.711242000302676,41.115990000331621],[-75.711053000156781,41.115917999800025],[-75.710770000299561,41.11583599985034],[-75.710421000320096,41.115758999812556],[-75.710109000150581,41.115704000310402],[-75.709790000308345,41.11566600002449],[-75.709469999742893,41.115644000062652],[-75.708904000028454,41.11562799971658],[-75.708772999608883,41.115649999683832],[-75.708627999843927,41.115699000291869],[-75.708380999971723,41.115803000328619],[-75.708272000191783,41.115864000026242],[-75.70810399996229,41.115990000331621],[-75.708076000373197,41.116012000177548],[-75.707996000007256,41.116095000175804],[-75.707894999724914,41.116298000210357],[-75.707851000242286,41.116501000293901],[-75.70782199992999,41.116726000033061],[-75.707830000325899,41.117126999722409],[-75.707807999686295,41.117148999863993],[-75.707720999647634,41.117198000029823],[-75.707705999579019,41.117258999784596],[-75.707713999974942,41.117274999733105],[-75.707801000013589,41.117347000129776],[-75.707836999998591,41.117363000056784],[-75.707888000052222,41.117423000086816],[-75.707909999793529,41.117478000178991],[-75.70788100037953,41.117638000308041],[-75.707866000310915,41.117818999721628],[-75.707894999724914,41.118049000196898],[-75.707982999588467,41.11837300024645],[-75.708092000266717,41.11859899988972],[-75.708221999963058,41.118910999933242],[-75.708360999880242,41.119388999739108],[-75.708628999668832,41.119833999922179],[-75.708734000149136,41.119981999919673],[-75.708913000249282,41.12023500024916],[-75.708926999594667,41.120284000141382],[-75.709013999633314,41.120448999854759],[-75.709211000175117,41.120872000055101],[-75.709283000145149,41.12100900032101],[-75.709472000291029,41.121305000096868],[-75.709596000139584,41.121591000075426],[-75.709661000436924,41.121804999996641],[-75.709668000109602,41.121986000099959],[-75.7096470001932,41.122040999752045],[-75.709588999568581,41.122106999950432],[-75.709442999978691,41.122200000086572],[-75.70926899990144,41.12227700001224],[-75.709153000448808,41.12230500014735],[-75.708869999693263,41.122458999661916],[-75.708644999562381,41.122525000116646],[-75.708565000094737,41.122541000134866],[-75.708231000183901,41.122579999993746],[-75.707919000014357,41.122662000315501],[-75.707723000195784,41.122673000136309],[-75.707585000103521,41.122657000150284],[-75.707468999752564,41.122602000337729],[-75.707164000154052,41.122344000146484],[-75.706945999695847,41.122228000254538],[-75.70649499960912,41.122052999854567],[-75.706335999600469,41.121980999883185],[-75.706211999751915,41.121910000012676],[-75.706031000001943,41.121784000243935],[-75.706000999864727,41.121773000274118],[-75.705849000427051,41.12163600024963],[-75.705733000076123,41.121570000254295],[-75.705630999968861,41.121530999795212],[-75.705486000203891,41.121504000192544],[-75.705463999564287,41.121493000175803],[-75.705203000346685,41.121486999735268],[-75.704795999742601,41.121537000231719],[-75.704548999870397,41.121574999825611],[-75.704346000379118,41.121629999822126],[-75.703989999828636,41.121757000068669],[-75.703736000283754,41.121871999936026],[-75.703476999817667,41.122003999929625],[-75.703373000060594,41.12205900024334],[-75.703205999656006,41.122201999760577],[-75.703024000081143,41.122376999763226],[-75.702814000018847,41.122618999829442],[-75.702733999652907,41.122816999835088],[-75.7027119999116,41.123156999900161],[-75.702682999599276,41.123234000056357],[-75.70261800020026,41.123316000237665],[-75.702516000093027,41.123410000170836],[-75.702473000435319,41.12351999974895],[-75.702458000366704,41.123580000240842],[-75.702486999780703,41.123783000133642],[-75.702473000435319,41.123925999954444],[-75.702378999825669,41.124200999775127],[-75.702194999702655,41.124553999898268],[-75.701972000119895,41.124979999753535],[-75.701855999768952,41.125304000098389],[-75.701711000003982,41.125575999862725],[-75.701670999821019,41.12565400001008],[-75.701557000018184,41.125834000204435],[-75.701499000291875,41.126056000079906],[-75.701394999636477,41.12624899997401],[-75.701341999933049,41.126346000102579],[-75.701145000289543,41.126580000227264],[-75.701002999999318,41.126814000194138],[-75.700859999884187,41.127044999698626],[-75.700848000188628,41.127064999696586],[-75.700789999563995,41.127124000230104],[-75.700592999920516,41.127323000273762],[-75.70013099996315,41.127621000176113],[-75.699508000347308,41.128004000079507],[-75.699142999576011,41.12820899998728],[-75.698603999625746,41.128531999872585],[-75.698066000398711,41.128868999878463],[-75.697746999658179,41.129108000152691],[-75.697595000220517,41.129215000123573],[-75.697336999579335,41.1293960000881],[-75.697133000263165,41.129522000127473],[-75.69689800008652,41.129663000174666],[-75.69638000005267,41.12983799990301],[-75.695554000047224,41.130157999726322],[-75.694252999665636,41.130631999975378],[-75.693071000008075,41.13097400022945],[-75.692055999856734,41.131179999692321],[-75.691911999916698,41.131210000164494],[-75.691245999744851,41.131235999795798],[-75.690347999769386,41.131303000255507],[-75.689090999768723,41.131202999897681],[-75.68866999981924,41.131141000208252],[-75.688077000340627,41.130887999973289],[-75.687119000090732,41.130435999967887],[-75.686264999597896,41.130044000226178],[-75.685311000444244,41.12985099999176],[-75.684903999840145,41.129952999818308],[-75.684881000273933,41.129964999827244],[-75.684287000072089,41.130416000320864],[-75.683537000234651,41.130889000016239],[-75.681679000359452,41.132063000023471],[-75.681024999883149,41.132348999801771],[-75.681008000164724,41.132353999905099],[-75.679819999761037,41.132867999697659],[-75.679684000216909,41.132881999875245],[-75.679285999833652,41.132933999832119],[-75.679153999589175,41.132953000053249],[-75.678832000272209,41.132993999835193],[-75.678793999739057,41.132995999856888],[-75.678608999791152,41.133023000144043],[-75.677920000053064,41.132916000294102],[-75.676935000038966,41.132763000300351],[-75.676392999715674,41.132678999714251],[-75.675791999841124,41.132586000220613],[-75.675433999640831,41.132599999781775],[-75.67508600038461,41.13261299999985],[-75.674824000443792,41.13262800024831],[-75.674174999990356,41.132647999897706],[-75.672554999766547,41.132951000030246],[-75.671342000146808,41.133319999862636],[-75.670305000254203,41.133636000289798],[-75.670070000077558,41.133708000328397],[-75.668998999849734,41.133824000224323],[-75.667494999976881,41.133979999760932],[-75.666422000099232,41.133619000269171],[-75.665734000186063,41.132910000221472],[-75.665555000085931,41.132264000016832],[-75.665832000095349,41.131239999946359],[-75.665172999596194,41.130274999862053],[-75.663409000330645,41.129486999915287],[-75.662885000448995,41.129257999670628],[-75.662236999820493,41.129411999784281],[-75.661502000051655,41.129225000130901],[-75.660013000247403,41.127800000297917],[-75.658398000046475,41.126254999979132],[-75.656946999877036,41.124111999676302],[-75.656423999820333,41.122930999710874],[-75.656823000028496,41.122391000149335],[-75.657104000235876,41.122013000180971],[-75.657743999570158,41.120016999788028],[-75.658213999923433,41.118551000324032],[-75.657252000373887,41.116446000059923],[-75.656745000210691,41.116027999753186],[-75.656037000206027,41.115962000209464],[-75.654545999853653,41.116565000126769],[-75.654196999874202,41.117207000263448],[-75.654165999912053,41.117231000203738],[-75.653267000111683,41.118292999773004],[-75.651719999682811,41.120107999764329],[-75.651528000062186,41.120322999988055],[-75.651213000417911,41.120691999784725],[-75.649838000416494,41.12178000019361],[-75.64941200044413,41.122303999973518],[-75.649262999582916,41.1222789996839],[-75.64913000041183,41.122254000061481],[-75.648997000342433,41.122228000254538],[-75.648672999579034,41.122166000204878],[-75.648112999712367,41.121957999828687],[-75.647824999832281,41.121836000199316],[-75.647696999785765,41.121781999880469],[-75.647671999671402,41.121755999886531],[-75.647473000378099,41.121541999805544],[-75.647266999615454,41.121193999998994],[-75.647168999706167,41.121030000321646],[-75.646896999719601,41.120561000059574],[-75.646817000251986,41.120421999807014],[-75.64657700005246,41.119829999752994],[-75.646385000431835,41.119350000014236],[-75.646096999653452,41.11894999991901],[-75.645889000139292,41.118501999814725],[-75.645745000199241,41.118134000124407],[-75.645696999620355,41.117718000226283],[-75.645745000199241,41.117110000161652],[-75.645931999796986,41.116465000318222],[-75.645967999782002,41.116341999688345],[-75.64602200020866,41.116204999832355],[-75.646186000240206,41.115929000074352],[-75.646273000278853,41.115573999704282],[-75.646418000043809,41.115028999775262],[-75.646532999671535,41.114619999831973],[-75.646545000265405,41.114580999980618],[-75.646705000098976,41.114196999946941],[-75.646705000098976,41.113877000120574],[-75.646640999626555,41.11352499972817],[-75.646417000218889,41.113268999672457],[-75.645873000245757,41.11294900006019],[-75.645233000013164,41.112804999691924],[-75.644689000040046,41.112724999877237],[-75.643969000339823,41.112773000319194],[-75.642709999791023,41.113095000064064],[-75.642657000087581,41.113108999722868],[-75.641809000340828,41.113268999672457],[-75.641041000061719,41.113445000114105],[-75.640661999945038,41.113509000219231],[-75.64040099982914,41.113557000087965],[-75.639697000022423,41.113588999755358],[-75.638922999895541,41.113526000035783],[-75.638705000335662,41.11350999985028],[-75.637587000252168,41.113397999796241],[-75.637562000137805,41.113391000336428],[-75.637359999573135,41.113336999837529],[-75.637157000081856,41.113282999970963],[-75.637106999853145,41.113269999983928],[-75.636225999596121,41.112981999662985],[-75.636028000127723,41.112887000043756],[-75.635521999789432,41.112646000286091],[-75.634914000242205,41.112357999934915],[-75.634575000308473,41.112238999686468],[-75.634321999690187,41.112150000286782],[-75.634248000070329,41.11209600012068],[-75.634212999910233,41.112071000003667],[-75.634145999963096,41.112022000071605],[-75.634109000153146,41.111947999939126],[-75.63404999970362,41.111829999957799],[-75.634002000023045,41.111414000040917],[-75.633945000121642,41.111088000147909],[-75.633873999976515,41.110677999666024],[-75.633807999854284,41.11026199989486],[-75.633649999670538,41.109590000007103],[-75.633330000003397,41.109046000185032],[-75.63297799965089,41.108534000017535],[-75.632417999784238,41.108102000049229],[-75.63187399981112,41.107814000070668],[-75.631419000424771,41.107602000003148],[-75.631217999684992,41.107509000166189],[-75.630594000244244,41.10726900002205],[-75.62990299995802,41.107077999951713],[-75.62966600013155,41.107012999939307],[-75.629594000161532,41.107005000068689],[-75.628897999852441,41.106932999835664],[-75.628836999753076,41.106929999965253],[-75.628753000087485,41.106925999686553],[-75.628669000421894,41.106922000084523],[-75.628241999726328,41.106901000308412],[-75.628180999626963,41.106924999955304],[-75.628103999634064,41.106955000009236],[-75.62779400001267,41.107077000222773],[-75.627619999935391,41.107258000327192],[-75.627441999660149,41.107445000303784],[-75.627330000405493,41.107616999877173],[-75.627090000205968,41.107988999853355],[-75.626978999877892,41.108205000226086],[-75.626802000325881,41.108548999678654],[-75.62673200000566,41.108713000081835],[-75.626562000126384,41.109109000142588],[-75.626506000049858,41.109276000264089],[-75.626497999653949,41.109301000091712],[-75.626449999973374,41.109511000027737],[-75.626439000102707,41.109554999993684],[-75.626402000292799,41.109716999860332],[-75.626193999880343,41.110197000327034],[-75.626173999788833,41.110320000287899],[-75.626162000093288,41.110392000191084],[-75.62615100022262,41.110464000015327],[-75.626130000306233,41.110597000291435],[-75.625926000091738,41.11085600030529],[-75.625842000426161,41.110965000272181],[-75.625509000340216,41.111143000133332],[-75.625393999814179,41.111204999766336],[-75.625110000132054,41.11134100024082],[-75.625025999568152,41.111381000326787],[-75.624982999910429,41.111383999993841],[-75.624818000054006,41.111396999677517],[-75.62430900024097,41.111398999680709],[-75.624281999578471,41.111381999990201],[-75.624202999935761,41.111331000215529],[-75.624176999996479,41.111313999830635],[-75.623987000025693,41.11118899969199],[-75.623868000200005,41.111112000294867],[-75.62336299968662,41.110924000262386],[-75.623150999974513,41.110844999857726],[-75.622910999775002,41.110701999962856],[-75.622191999899684,41.110272999763261],[-75.621953000423403,41.110131000335585],[-75.621004000394322,41.109541999945286],[-75.620874999624576,41.109462000215551],[-75.620396999773689,41.109283999858022],[-75.62003699992357,41.108970999705484],[-75.620089999627027,41.108294999946082],[-75.620159999947234,41.108147999707882],[-75.620265000427537,41.107933000217287],[-75.620735999707406,41.10738999992796],[-75.620728000209795,41.106977000175448],[-75.620611000033946,41.106716000282169],[-75.620310999559976,41.106491999816164],[-75.619892000158629,41.106314000206439],[-75.619593000407889,41.106181000053787],[-75.619265000344825,41.106120000158299],[-75.618877999832222,41.10604900005324],[-75.618098999682445,41.105603000078155],[-75.617457999624946,41.105353000154381],[-75.616844000229932,41.105114000011561],[-75.616486000029639,41.105026000190207],[-75.615947999904307,41.104759000048929],[-75.615728999621197,41.104595999690105],[-75.615527999779744,41.104445999986638],[-75.615466999680365,41.104310999892874],[-75.615758999758413,41.103679000060183],[-75.61575200008572,41.102868000296233],[-75.615630999711883,41.102734000138163],[-75.615629000062071,41.102554000222973],[-75.615345000379946,41.102173000332044],[-75.615327999763196,41.102150000106221],[-75.615239000074723,41.102018000125931],[-75.615182000173334,41.101933000316116],[-75.615150000386279,41.101885999880288],[-75.614876999676483,41.101480000087491],[-75.614793999835797,41.101358000306284],[-75.614770000444679,41.101322000149928],[-75.614664000139456,41.101163000013329],[-75.614542999765646,41.100982999853876],[-75.614480999841362,41.100667999741631],[-75.614468000320898,41.100651999807404],[-75.614180000440797,41.100309000109796],[-75.614178999717581,41.100219000275359],[-75.613994999594553,41.099679999874247],[-75.613992000119836,41.099357000156758],[-75.613991000294902,41.099284999661613],[-75.613987999921875,41.098958999797951],[-75.61400100034065,41.098906000144801],[-75.614218000075638,41.098102000071975],[-75.614259999908427,41.096165000327126],[-75.614014999686049,41.095446000066943],[-75.613602999957394,41.09479100013192],[-75.61359200008674,41.094773000287489],[-75.612932999587571,41.094280999696316],[-75.612694000111276,41.094237000328064],[-75.61234699978165,41.094247000248615],[-75.61084899975657,41.094292000210757],[-75.61031400000428,41.094339999910716],[-75.609837999803219,41.094432000196733],[-75.609302000225995,41.094434999961038],[-75.609005999949986,41.09452700011402],[-75.607457999696209,41.09453500015065],[-75.606921000294093,41.094402999759929],[-75.606400999712093,41.094385999731351],[-75.605728999692445,41.094364000086074],[-75.604932999824229,41.094152999852113],[-75.604894000364496,41.09414299991726],[-75.604475000064852,41.093875000283589],[-75.60426400017765,41.093588000130396],[-75.604112999666583,41.093381999799483],[-75.603991000366165,41.093021999668515],[-75.603984999620067,41.092436000035462],[-75.605050000000105,41.091709999842266],[-75.605085999985121,41.091544999664258],[-75.605279000328977,41.090672999670538],[-75.605099000403911,41.090493999858154],[-75.605036999581316,41.090269000272187],[-75.605053000373147,41.090108999796854],[-75.605116999947256,41.08943500018583],[-75.60514600025958,41.089142000259045],[-75.605264000260348,41.089052000019244],[-75.605203999985889,41.088962000333211],[-75.605436999614383,41.088465000170352],[-75.605405999652262,41.088308000085433],[-75.605728999692445,41.087787999876745],[-75.605782000294212,41.087157000198246],[-75.605900000294994,41.087020999742059],[-75.605897999746844,41.086751000093223],[-75.606072999649029,41.08639000014594],[-75.606066999801257,41.085770999870583],[-75.606065999976337,41.085623999998447],[-75.605643000377043,41.084950999811895],[-75.605347999925954,41.084708000309568],[-75.605292999674347,41.08466199980667],[-75.60512799981791,41.084526000280455],[-75.605072999566332,41.084480999723063],[-75.604807000325877,41.084404000157392],[-75.604387000201299,41.084281999807772],[-75.603997000213951,41.084283999959588],[-75.603721000029438,41.084286000111391],[-75.603494000248716,41.084287000187288],[-75.603141999896209,41.08435100027198],[-75.60248400012027,41.084471999743315],[-75.60177000026782,41.084520999919121],[-75.601401000196887,41.084505000114476],[-75.600817000040777,41.084480999723063],[-75.600099999815285,41.084168999931258],[-75.599808999562157,41.08395200032458],[-75.5997409997901,41.083901000238157],[-75.599441000214441,41.083676999828022],[-75.59940699987925,41.083676999828022],[-75.599322000388753,41.083677999913142],[-75.59914199956539,41.083543999879154],[-75.598898999891134,41.083050000324306],[-75.598897000241308,41.082869999960991],[-75.598057999817087,41.08219800011684],[-75.597759000066361,41.082064999883322],[-75.597159999841622,41.081617000003071],[-75.596798000341707,41.081124000307049],[-75.596379000042035,41.080811000022969],[-75.59602000001685,41.080677000237451],[-75.59581300032761,41.080677999691133],[-75.595067999614713,41.080682000214182],[-75.594593000136882,41.080775000117541],[-75.594414999861655,41.080866000310664],[-75.59420700034751,41.080845000329361],[-75.594120000308848,41.080798999831003],[-75.594034000095135,41.080752999977541],[-75.593692999613296,41.080505999993136],[-75.593555000419357,41.080379999991727],[-75.593322999717429,41.080067000227274],[-75.593302999625948,41.080020999861496],[-75.593169999556565,41.079721000278269],[-75.593126999898843,41.079533999917473],[-75.59310500015755,41.079500999758778],[-75.59300999972298,41.079403000010515],[-75.592909000338949,41.079319999681069],[-75.592560000359498,41.079123000021369],[-75.592495000062186,41.079068000306584],[-75.592444000008541,41.07901299986861],[-75.592372000038523,41.078903000208875],[-75.592320999984906,41.078771000238781],[-75.592218999877645,41.078574000288008],[-75.592161000151336,41.078496999895812],[-75.592074000112689,41.078409000304482],[-75.591957999761746,41.078320999918219],[-75.591804999600882,41.078254999720471],[-75.591536999812263,41.078178999800592],[-75.591305000008674,41.078134999806764],[-75.591050999565454,41.078074000274547],[-75.590679999844696,41.077964999892579],[-75.590545000125474,41.077896999668354],[-75.590448000041093,41.077849000144923],[-75.590441000368415,41.077826999702701],[-75.590180000252502,41.077652000139437],[-75.590027000091624,41.077372000140016],[-75.58993400020519,41.077294999694033],[-75.589772999648403,41.077162999880578],[-75.589698000203654,41.077034999869888],[-75.589678999937078,41.077004000184218],[-75.589664999693383,41.0769750001811],[-75.589576999829816,41.076789999836699],[-75.589548000415817,41.076728999733433],[-75.589359000269923,41.076640999806685],[-75.589336999630319,41.076630999915281],[-75.589149000207655,41.076510000228424],[-75.588801999878015,41.076367000065147],[-75.58861000025739,41.076289000275928],[-75.588323000202223,41.07634600000079],[-75.587937000412836,41.076423999722387],[-75.587477999930215,41.076333000151067],[-75.587477999930215,41.07631600018739],[-75.587487000151057,41.076024000205031],[-75.587465000409736,41.076004999757714],[-75.587458999663639,41.075974000263543],[-75.586990000033595,41.075471999691068],[-75.586347000326256,41.074509999879652],[-75.585949999767905,41.074113999796474],[-75.585644000344473,41.073901999989182],[-75.585629000275858,41.07390500001361],[-75.585544999711956,41.073828000246877],[-75.585528999818422,41.073813000105908],[-75.58550999955186,41.073794999932247],[-75.58547600011498,41.073765000309088],[-75.585447999627561,41.0737530001851],[-75.585425000061349,41.073744000090713],[-75.585286999969085,41.073687999701164],[-75.585156000447839,41.07364400008727],[-75.584997000439174,41.07360599984294],[-75.584647999561412,41.073474000070973],[-75.584322000046484,41.07338099999555],[-75.584081999846973,41.073167000043192],[-75.583865000111999,41.073079000088541],[-75.58377700024846,41.073036000314112],[-75.583618000239795,41.07295799995849],[-75.583276999757928,41.072964000093322],[-75.583095000183064,41.073008000162389],[-75.583029999885724,41.072986000131507],[-75.58297200015943,41.072919999994859],[-75.582964999588413,41.07263500024451],[-75.583080999939369,41.071997999776585],[-75.583218000206699,41.07170600025367],[-75.583333999659345,41.071409999701167],[-75.58334899972796,41.07117900016771],[-75.583341000230362,41.071042000231024],[-75.583269000260344,41.070636000126193],[-75.583195999567081,41.070437999889521],[-75.583101999855757,41.070251000209602],[-75.583029000060804,41.070141000109579],[-75.58279700025723,41.069894000205721],[-75.582440999706762,41.069483000310662],[-75.582289000269114,41.069274000027868],[-75.582281999698097,41.069246999933164],[-75.582244999888189,41.069203000056035],[-75.582070999810909,41.068817999875463],[-75.582049000069603,41.068797999742891],[-75.581947999787275,41.068708999722695],[-75.581839000007321,41.068669999698692],[-75.581556000150101,41.068598999751963],[-75.581439999799159,41.068527000090093],[-75.581382000072821,41.068450999759513],[-75.581177999858326,41.067933999857765],[-75.581062000405694,41.067825000271391],[-75.581039999766062,41.067792000329902],[-75.580939000382045,41.067752999761993],[-75.580880999757397,41.067709000239709],[-75.580786000221167,41.067665000010656],[-75.580633999885194,41.067703999953466],[-75.580597000075286,41.067721000112329],[-75.580510999861559,41.067763999976613],[-75.580315000042972,41.067895999699388],[-75.580134000293,41.068054999752441],[-75.580121999699116,41.068069999852604],[-75.580075999668367,41.068132000185166],[-75.579966999888427,41.068181999995694],[-75.579749000328547,41.068344000312578],[-75.579402999823827,41.06860399997008],[-75.579039999600667,41.068719000141883],[-75.578940000041541,41.068752000295405],[-75.578784000405932,41.068697999666163],[-75.578740999849899,41.068687000285067],[-75.578508000221404,41.068577000277529],[-75.578469999688252,41.06853400026764],[-75.578334000144139,41.068380000253534],[-75.578283000090508,41.068329999916294],[-75.57821100012049,41.068280999860484],[-75.578117000409165,41.068237000014236],[-75.577941999608655,41.068176000101673],[-75.577796999843699,41.068143999980592],[-75.577723000223855,41.06814000004902],[-75.577520999659185,41.06813000021905],[-75.577442000016461,41.068126999931096],[-75.57734699958192,41.068132999829537],[-75.577165999831948,41.068170999850999],[-75.577129999846932,41.068143999980592],[-75.576940999701037,41.068050000169791],[-75.576876000302036,41.068000999905323],[-75.576629000429833,41.067765000303915],[-75.576483999766552,41.067573000175486],[-75.576389000230307,41.0673970000732],[-75.576323999932981,41.067221000177163],[-75.576258999635655,41.066962999793624],[-75.57625799981075,41.066942000111588],[-75.576251000138058,41.066781999734125],[-75.576294999620657,41.066627999680399],[-75.576359000093092,41.066307000045043],[-75.576374999986612,41.066292999892333],[-75.576432999712921,41.066112000020496],[-75.576410999971628,41.065864999881718],[-75.576353000245291,41.065573999896159],[-75.576272999879336,41.065382000143131],[-75.576185999840717,41.065222999722266],[-75.575990000022131,41.065007999938977],[-75.575836999861252,41.064926000091631],[-75.575743000149942,41.064904000065646],[-75.575584000141276,41.064848999968454],[-75.575460000292722,41.064826999916697],[-75.575343999941765,41.064760999717265],[-75.575191999605806,41.064646000073488],[-75.574989000114513,41.064416000182653],[-75.574799999968647,41.064129999761775],[-75.574778000227326,41.064113999734637],[-75.574778000227326,41.064092000114307],[-75.57474200024231,41.064041999903026],[-75.57468399961769,41.06392100007433],[-75.574610999822767,41.06372900023625],[-75.574596999579043,41.063597000276431],[-75.574691000188707,41.06340000023355],[-75.574857999694956,41.063163999697544],[-75.574891000205227,41.063102999820131],[-75.574922999992282,41.063048000248607],[-75.57496599964999,41.06289999995407],[-75.574944999733589,41.062789999748148],[-75.574887000007266,41.062690999744227],[-75.574661999876369,41.062439000293182],[-75.574138999819652,41.062004999802944],[-75.574051999781005,41.06190599997197],[-75.574030000039699,41.06190599997197],[-75.573805999733707,41.061796000135523],[-75.573609999915135,41.061670000170686],[-75.573450000081564,41.061549000041708],[-75.57334100030161,41.06145099994766],[-75.573116000170714,41.061198000059505],[-75.572935000420756,41.061032999814259],[-75.57271000028986,41.0607590000484],[-75.572644000167614,41.060649000325576],[-75.572557000128981,41.060538999741411],[-75.572419999861623,41.060236999778013],[-75.572362000135314,41.060152999869175],[-75.572289000340362,41.060045000022257],[-75.572194999730726,41.05994099975117],[-75.572056999638463,41.059846999729416],[-75.572005999584832,41.059798000125951],[-75.57168699974261,41.059595000218785],[-75.571331000090467,41.059412999745994],[-75.571316999846772,41.059414000200334],[-75.571316999846772,41.059402999943664],[-75.571280000036836,41.059369999839873],[-75.571186000325511,41.059304000260106],[-75.571142999769492,41.059259999826111],[-75.571076999647246,41.059166000185776],[-75.571054999905954,41.05911100003128],[-75.571054999905954,41.059007000315454],[-75.57106999997454,41.058858999732898],[-75.571091999715861,41.058793000317742],[-75.571374999573081,41.058381000336666],[-75.571410999558097,41.058298999677362],[-75.571439999870407,41.058260000253107],[-75.571490999924038,41.058128999950938],[-75.571511999840439,41.057991000120836],[-75.57148300042644,41.057876000154188],[-75.571432000372809,41.057782999692478],[-75.571396000387793,41.057727999736258],[-75.571258000295529,41.057601000302171],[-75.571141999944572,41.05752399973111],[-75.570931999882291,41.057425999736139],[-75.57070699975138,41.057337999712956],[-75.570430999566881,41.057261000188838],[-75.570011000340628,41.057057999902874],[-75.569901999662363,41.057018999742823],[-75.569886999593749,41.05699699978129],[-75.569792999882409,41.056937000095161],[-75.569488000283883,41.056767000235531],[-75.569365000260248,41.056716999874467],[-75.569046000418012,41.056685000273674],[-75.568921999671133,41.056645999892524],[-75.568885999686117,41.056607999985168],[-75.568972999724764,41.056509000159124],[-75.569031000349398,41.056475999958238],[-75.569067000334414,41.056403999893462],[-75.569031000349398,41.056190000233052],[-75.568936999739748,41.056042000085988],[-75.568711999608851,41.055800999728916],[-75.568683000194852,41.055750999988391],[-75.56848700037628,41.055514999778616],[-75.568459999713767,41.055444999691353],[-75.568413999683017,41.05532299978703],[-75.568413999683017,41.055250999815073],[-75.568494000048958,41.055142000206175],[-75.568545000102588,41.055108999996861],[-75.568653999882542,41.055065000143678],[-75.568914999998441,41.055009999947089],[-75.569095999748413,41.054987999991056],[-75.569118000388045,41.05497699967156],[-75.569756000072502,41.054888999759129],[-75.569973999632381,41.054839000002772],[-75.570002999944705,41.054839000002772],[-75.570060999671014,41.054816999989569],[-75.570141000036955,41.054778999703061],[-75.570213000006973,41.054723999944763],[-75.570242000319297,41.054679999834065],[-75.570285999801925,41.054642000145833],[-75.570336999855542,41.054565000175458],[-75.57040899982556,41.054421999701098],[-75.570402000152882,41.05440000022584],[-75.570423999894174,41.054191000101952],[-75.570525000176517,41.05390599978675],[-75.570553999590516,41.05369700012568],[-75.570525000176517,41.053511000124992],[-75.570430999566881,41.053312999808639],[-75.570366000167866,41.053229999734803],[-75.570104000227033,41.052972000012019],[-75.5700170001884,41.052868000073914],[-75.569713000414779,41.052549999985878],[-75.56965499979016,41.052462000214028],[-75.56965399996524,41.052395999799849],[-75.569726999760164,41.05231399980886],[-75.569828999867426,41.052259000021984],[-75.570191000265666,41.052164999861013],[-75.570209999633931,41.05215700008614],[-75.570270999733296,41.05213200019066],[-75.570387000084253,41.052049999870576],[-75.570444999810576,41.05198399972052],[-75.57050300043521,41.051884999709962],[-75.570546999917838,41.051775000050398],[-75.570531999849209,41.051742000184376],[-75.570546999917838,41.051638000334222],[-75.570546999917838,41.051523000100055],[-75.57050300043521,41.051472999817726],[-75.570444999810576,41.0514290002424],[-75.570140000212049,41.051314000320367],[-75.569864999852442,41.051226000250125],[-75.569792000057504,41.051187999921702],[-75.569675999706561,41.051148999668754],[-75.569473000215282,41.05105599985815],[-75.569378999605632,41.050974000229331],[-75.569335000123004,41.050902000239638],[-75.569327999552002,41.050819999741428],[-75.569341999795711,41.050802999955849],[-75.569392999849342,41.050753999712335],[-75.569429999659249,41.050741000222281],[-75.569443999902944,41.050723999738828],[-75.569516999697896,41.050693999751601],[-75.569711999691577,41.050577999988519],[-75.569770000316197,41.050517999867246],[-75.569821000369814,41.05041400011465],[-75.569849999783827,41.050326000195554],[-75.569879000096137,41.050275999680991],[-75.569872000423445,41.050143999820044],[-75.569843000111121,41.050061999732044],[-75.569770000316197,41.050001999817674],[-75.569573999599285,41.049963000216636],[-75.569254999757064,41.049980000219257],[-75.56910300031943,41.050001999817674],[-75.569016000280769,41.049996000297448],[-75.568587999760297,41.049919000308904],[-75.56856600001899,41.049907999819268],[-75.568349000284002,41.049891999719691],[-75.56818899955212,41.04989799992687],[-75.567427000019123,41.049843000152634],[-75.567232000025442,41.049815000286898],[-75.566940999772299,41.04979299994848],[-75.566796000007329,41.049755000147279],[-75.56665799991508,41.049704999876262],[-75.566541999564123,41.049683000178547],[-75.566426000111491,41.049684000103397],[-75.566332000400166,41.049704999876262],[-75.566281000346535,41.049727000244097],[-75.566122000337884,41.049859000264128],[-75.566056000215639,41.049936000322944],[-75.565969000177006,41.049997000217544],[-75.565867999894664,41.050001999817674],[-75.565765999787402,41.049974999939984],[-75.565686000319801,41.049941999848649],[-75.565527000311121,41.049843000152634],[-75.565404000287486,41.0496779998767],[-75.565207999570575,41.049501999984365],[-75.565077000049328,41.049435999988084],[-75.564909999644755,41.049397999980705],[-75.564523999855368,41.04936199981082],[-75.564439000364871,41.049353999695128],[-75.564242999647973,41.049316000317859],[-75.564076000141711,41.049277000310198],[-75.563757000299489,41.04915599973971],[-75.563640999948532,41.049183999885877],[-75.563560999582592,41.049222000016854],[-75.563474000442284,41.049316000317859],[-75.56333600035002,41.049618000289627],[-75.563292999793987,41.049688999727323],[-75.563235000067664,41.049744000307705],[-75.563148000029031,41.049803999779868],[-75.562988000195446,41.049820999823623],[-75.562829000186795,41.049815000286898],[-75.562682999698623,41.049776999820935],[-75.562553000002282,41.049711000100501],[-75.56251700001728,41.049684000103397],[-75.562189999779122,41.049563000281374],[-75.562060000082781,41.049523999742611],[-75.561987000287857,41.049519000106152],[-75.56194700010488,41.049522999815373],[-75.561836999601695,41.049416999987137],[-75.56150699988882,41.049099000155316],[-75.561397000283975,41.048994000256755],[-75.56137999966721,41.048977999934905],[-75.559074000078368,41.046754999962367],[-75.552107999834618,41.040040000132215],[-75.549787000177147,41.037802000195164],[-75.549057000431191,41.037099000281479],[-75.546867000294981,41.034992999981313],[-75.546138000373929,41.034291000042138],[-75.545581999806927,41.033754000030491],[-75.543913999902529,41.032144999846352],[-75.543359000058743,41.031609000148073],[-75.543323000073727,41.031579999778238],[-75.542427999573022,41.030719000247359],[-75.539644999958185,41.028041000198463],[-75.538717999670425,41.027149000326638],[-75.538650999723274,41.027085000135656],[-75.537621000401657,41.026092999725101],[-75.534329999900407,41.022926999990958],[-75.533233999558234,41.021871999806784],[-75.531086999978029,41.019853000147322],[-75.530110000359869,41.018934000107727],[-75.52855100023541,41.017466999725102],[-75.524647000164066,41.013795999915722],[-75.522501000408795,41.011777999942431],[-75.521046000041409,41.010404999776725],[-75.516680999837604,41.006285999794997],[-75.515891999642108,41.005542000325249],[-75.515226000368543,41.004913999680504],[-75.515213999774673,41.004905000336983],[-75.515177999789657,41.004878000265315],[-75.515166999919003,41.004869000239005],[-75.515131999758907,41.004842000152586],[-75.515105999819639,41.004822000232039],[-75.515033999849621,41.004754000321363],[-75.515002999887471,41.004723999720383],[-75.51481000044194,41.004540000164504],[-75.514231000308712,41.003990000330255],[-75.51403799996487,41.003807000024693],[-75.513829999552414,41.003610999904325],[-75.513598999573716,41.003389999775074],[-75.513318000264647,41.003121999719113],[-75.513215000332494,41.003024000069047],[-75.513037000057238,41.002852999970955],[-75.513011000117999,41.002828000331746],[-75.512863999804907,41.002687999871974],[-75.512790000185049,41.00261699990773],[-75.512441000205584,41.002252999911285],[-75.512302000288429,41.002106999768735],[-75.512168000394126,41.001966999811195],[-75.512118000165401,41.00191599987869],[-75.511779000231698,41.001536999728621],[-75.511651000185168,41.001393999975058],[-75.511487999978556,41.001212999884778],[-75.511419000381593,41.00113599978183],[-75.510955999700982,41.000713000314676],[-75.51077699960085,41.000550000268206],[-75.510685000437647,41.000466000107643],[-75.510667999820882,41.000450000194064],[-75.510435000192416,41.000190999696727],[-75.510353000176636,41.00009899975673],[-75.510077999817028,40.999812999801115],[-75.509254000359718,40.9989549999461],[-75.509237999567887,40.998938000326064],[-75.508978000175205,40.998671999837569],[-75.508881000090824,40.998573000327269],[-75.508593000210723,40.998276000226213],[-75.508496999951262,40.998177000121146],[-75.508465999989127,40.99814899997542],[-75.508375999577439,40.998067000206667],[-75.50834600033852,40.998040000045521],[-75.508216999568788,40.997920000250112],[-75.507884000381154,40.997609000068728],[-75.507831999604306,40.997562000308271],[-75.507701999907979,40.997444999763637],[-75.507395999586223,40.997170000308373],[-75.506489000288241,40.996353000260548],[-75.506480999892332,40.996345999861987],[-75.506170000446019,40.996078000317645],[-75.505890000063545,40.995836000015579],[-75.505083000324674,40.995137999961727],[-75.505050999639323,40.995110999956843],[-75.50477000033024,40.994871999733107],[-75.504485999749789,40.9946309998329],[-75.503646000398973,40.993917999853224],[-75.503634999629995,40.99390899968629],[-75.503351999772775,40.993668000333841],[-75.502961999785441,40.993336999739448],[-75.502335999796557,40.992804999947978],[-75.501794000371575,40.992345000307516],[-75.501498999920472,40.992094000126059],[-75.501412999706758,40.99200600022521],[-75.501122000351913,40.991703000284524],[-75.50035400007279,40.990905999690725],[-75.500237999721861,40.990807000044306],[-75.499919999704531,40.990534999777935],[-75.499691000273984,40.990339999666681],[-75.499006999660452,40.98975499994102],[-75.498779000054839,40.989560999717042],[-75.498582000411332,40.989417999749257],[-75.498261000020989,40.98918400005762],[-75.498008000300985,40.988971999863374],[-75.497821999629835,40.988816999955333],[-75.497607000442997,40.988638000259982],[-75.497363999870416,40.988436000080817],[-75.496290999992794,40.988945000045611],[-75.495530000284688,40.98738400012131],[-75.495192000175891,40.986677000293852],[-75.495119000380967,40.986504000095778],[-75.493924000304574,40.984025000212839],[-75.493588999670507,40.983323000230321],[-75.493331999752556,40.982783000271148],[-75.492379000423824,40.980782000296315],[-75.49225899987492,40.980629000038704],[-75.492028999721143,40.980336999944868],[-75.491579000357675,40.979767000198912],[-75.49039699980176,40.978270000239561],[-75.490278999800992,40.97812100023603],[-75.490236999968204,40.978068999832438],[-75.489769999987971,40.977467999691974],[-75.489385999848409,40.976921000199404],[-75.489145999648898,40.976578000100659],[-75.489101000341378,40.976516000329461],[-75.488955999678112,40.976353000138893],[-75.488707000156069,40.976072000046393],[-75.488372000420313,40.975692999847915],[-75.488195999794911,40.975473000092094],[-75.48795399994556,40.975170999842824],[-75.487359999743745,40.974405999786811],[-75.486844000258017,40.97386600007151],[-75.48671100018862,40.973727000225765],[-75.485894000404016,40.972871999896],[-75.4774240002874,40.963994999851245],[-75.476049000285983,40.962178000040119],[-75.474879000323952,40.960629999853197],[-75.473612000277555,40.958954000289346],[-75.472566000164107,40.95757199987969],[-75.46861799971181,40.952350999766473],[-75.467939000019484,40.951453000137576],[-75.465036999680649,40.947615000330387],[-75.464881999869959,40.947411999932626],[-75.464535000438644,40.946948000072638],[-75.463629999892177,40.945757000313336],[-75.46256600023537,40.944349999704876],[-75.459771000026663,40.940648999763773],[-75.457661000256408,40.937864000199262],[-75.456200000041235,40.93593300028207],[-75.454252999579268,40.933355999807787],[-75.453592000328598,40.932481999939412],[-75.45271699991936,40.931325999780327],[-75.452721000117322,40.931238000259491],[-75.452721999942241,40.931199000249293],[-75.452425999666232,40.930893000205664],[-75.452078000409998,40.930499000275795],[-75.451639000018858,40.92989700021748],[-75.450567999791048,40.928161999815586],[-75.44969199955689,40.927009000020725],[-75.448417999837801,40.925316999704584],[-75.447238999654942,40.923754000298516],[-75.446893000048533,40.923296000056013],[-75.446744000085616,40.923098999794988],[-75.445030999975401,40.92083200029986],[-75.444579999888703,40.920232999975326],[-75.444018000372196,40.919496000185738],[-75.442925000403079,40.918049000040639],[-75.441876999741496,40.916655999893948],[-75.441830999710731,40.916594000179693],[-75.441399999715514,40.91602900003862],[-75.441382000172169,40.916005999911363],[-75.44136799992846,40.915987000124858],[-75.441043000238437,40.915550000133926],[-75.439267000379033,40.913197999779079],[-75.437883999981679,40.91137300005667],[-75.437575000185191,40.910956999983597],[-75.435565999798953,40.908294000247345],[-75.432636999695944,40.904413000252248],[-75.430287999551069,40.901305000267165],[-75.429342999719964,40.900052999810519],[-75.427130000017527,40.897120999937258],[-75.423564999879886,40.89793899980873],[-75.423559000032114,40.897924999857807],[-75.423369999886219,40.897523000100534],[-75.423318999832603,40.897401999957033],[-75.423189999961167,40.897129999724427],[-75.422993000317675,40.896710999734026],[-75.422953999959617,40.896629000203284],[-75.422895000408388,40.896524999989758],[-75.422791999577896,40.896411999729089],[-75.422712999935186,40.896347000080638],[-75.422573000193111,40.89626200013052],[-75.422477999758556,40.896216999913023],[-75.422275000267277,40.896138999961423],[-75.421748000012585,40.895985000222268],[-75.421213000260281,40.895838999865163],[-75.420753999777659,40.895692999864835],[-75.420410999645995,40.895574000221551],[-75.420157000101071,40.895485999953941],[-75.419730000303829,40.895327999812423],[-75.4197000001666,40.895316999999139],[-75.419612000303047,40.895283999869157],[-75.419582999990737,40.895274000279237],[-75.419389999646896,40.89520199992765],[-75.41916200004124,40.895098000186891],[-75.419066999606699,40.895055000324632],[-75.418970000420629,40.89500399991492],[-75.418858000267633,40.89493800000529],[-75.41875299978733,40.894849000012641],[-75.418676999619365,40.894769000008637],[-75.41859899980156,40.894668999867605],[-75.418512999587819,40.894544999890172],[-75.418310999921459,40.894229999734826],[-75.418237000301602,40.894130999706086],[-75.418170000354465,40.894040000166314],[-75.418079999942776,40.893927999986303],[-75.41794900042153,40.893778999762162],[-75.417898000367899,40.893722999814443],[-75.417850999613918,40.893671999735986],[-75.417734000336381,40.893560000291124],[-75.417683000282736,40.893515000272814],[-75.417623999833197,40.893462000196926],[-75.417283000249668,40.893178000309703],[-75.417115999845095,40.893052999989685],[-75.416637000169288,40.892680000189728],[-75.416267000273422,40.892393000197458],[-75.416007999807348,40.892204999981949],[-75.415890999631472,40.892127000053627],[-75.415762999584956,40.89205299979281],[-75.415621000193056,40.891982999892065],[-75.415339999985662,40.891866000251575],[-75.414723000217606,40.891643999703312],[-75.414504999759401,40.891551999851202],[-75.414118000145109,40.891348999688134],[-75.413753000272138,40.891118000196762],[-75.41346000036917,40.890915000060275],[-75.413312000231173,40.890797000270055],[-75.413184000184643,40.890690000174807],[-75.412926000441786,40.890474000216877],[-75.412784999976481,40.890344000053183],[-75.412661000127912,40.890238999838985],[-75.412396999638958,40.890005000295062],[-75.412184000101931,40.889802000139326],[-75.412052999682373,40.88987699983452],[-75.411989000108264,40.889913999833908],[-75.411665000243161,40.890106000324508],[-75.411404999952182,40.890245999948988],[-75.411339999654857,40.890282000115015],[-75.411211999608327,40.89036000018114],[-75.411067999668276,40.89044500024427],[-75.410809999925405,40.890629000182656],[-75.410649000266943,40.890758000166564],[-75.410636999673073,40.890767000140208],[-75.40961499984904,40.891551999851202],[-75.408956000248196,40.89205299979281],[-75.408895999973723,40.892100000004746],[-75.408577999956421,40.892346999789552],[-75.408392000183582,40.8924770000922],[-75.407962999838176,40.892157000245859],[-75.407255999658432,40.891629000171633],[-75.407145000228667,40.891536000011484],[-75.407039999748363,40.891433999838881],[-75.405487000370002,40.892356000226151],[-75.4053109997446,40.892204999981949],[-75.405216000208355,40.892130000209271],[-75.405125999796681,40.892067000307343],[-75.404842000114556,40.891827999702791],[-75.404754000251003,40.891739999884969],[-75.404687000303852,40.891682999963649],[-75.404620000356701,40.891620999922047],[-75.404407999746283,40.891438000314672],[-75.404343000347282,40.891376000043429],[-75.404196000034176,40.89125000010187],[-75.404156999676104,40.891209999973192],[-75.404047000071273,40.891093999938747],[-75.403971999728185,40.890984999732751],[-75.403888000062594,40.890876000026289],[-75.403773000434867,40.890735000077314],[-75.403725999680901,40.890704000298655],[-75.403679999650123,40.890686999953871],[-75.403614000426217,40.890688999874826],[-75.403575999893064,40.890697999857913],[-75.403467000113125,40.890733999777964],[-75.403400000165973,40.890763999922761],[-75.403330999670672,40.890790000218338],[-75.403287000188072,40.890806999857602],[-75.402985999889182,40.89092700022281],[-75.402732000344287,40.891014999763748],[-75.402374000143993,40.891162000194399],[-75.402287000105346,40.891181999936677],[-75.402215999960248,40.891176999831892],[-75.402185999823033,40.891167999913961],[-75.40214399999023,40.891143000060062],[-75.402123999898734,40.891125000213776],[-75.402087000088827,40.891063999943569],[-75.402050000278891,40.890948000332251],[-75.402031999837234,40.890906000106703],[-75.401938999950815,40.890688999874826],[-75.401831999820686,40.890503000176764],[-75.401727000238708,40.890298999884806],[-75.401691000253706,40.890229999793512],[-75.401676000185091,40.890196999842487],[-75.401605999864884,40.890035000091288],[-75.401564000032096,40.889957999953083],[-75.401506000305773,40.889828000133804],[-75.401435999985566,40.889694000157249],[-75.401404000198511,40.889634000241976],[-75.40133700025136,40.889505000104023],[-75.40126100008338,40.889350999862721],[-75.401220999900417,40.889288999673219],[-75.401175999694573,40.889198000264699],[-75.401107999922502,40.889089999975887],[-75.40105500021906,40.888976000272073],[-75.401018000409124,40.888868999948478],[-75.400999999967482,40.888789000183714],[-75.401001999617293,40.88870900032228],[-75.401013000386271,40.888647999862073],[-75.401020999883883,40.888608000197749],[-75.401059000417021,40.888493999663531],[-75.401097999876768,40.888418000103776],[-75.401163000174094,40.888323999848417],[-75.40121500005263,40.888270000031483],[-75.401297000068382,40.888216000170466],[-75.401352000319989,40.888188999883873],[-75.401502000107826,40.888130000300805],[-75.40170499959909,40.888062000324794],[-75.401824000323089,40.888018999964316],[-75.401948000171643,40.887984999927959],[-75.402017999593525,40.88796200023306],[-75.402241999899516,40.887890000073469],[-75.402309999671559,40.887868000009057],[-75.402483999748853,40.887797000090906],[-75.402499999642387,40.887791000065612],[-75.402590999878981,40.887742000178442],[-75.402681000290656,40.887663000076081],[-75.402703999856882,40.887628000189679],[-75.402737000367154,40.887544999919427],[-75.40274400003986,40.887501999902078],[-75.402752000435768,40.887380999766627],[-75.40274099966679,40.887320999791378],[-75.402722000298539,40.887258000064406],[-75.402694999636054,40.88719599995116],[-75.402666000222055,40.887156999762574],[-75.402565999764604,40.887022999809979],[-75.402533000152644,40.886938000104834],[-75.402358000250473,40.88699200032967],[-75.402273999686571,40.887018000070007],[-75.402160999708656,40.887060000046958],[-75.401845000239476,40.88718799984472],[-75.401676000185091,40.887258000064406],[-75.401644000398036,40.887270000211039],[-75.401549999788386,40.887307999981985],[-75.401518999826237,40.887320999791378],[-75.40143299961251,40.887353999818465],[-75.401339999726105,40.887396000261248],[-75.401225999923284,40.887448000093478],[-75.401067999739524,40.887514000004515],[-75.400927000172544,40.887573000136761],[-75.400803000323975,40.887620999802706],[-75.40072799998093,40.887651999667497],[-75.400623000398937,40.887691999909705],[-75.400271999871336,40.887827000209072],[-75.400187000380825,40.887861000326609],[-75.400035999869786,40.887910999788524],[-75.399834000203427,40.887984000266215],[-75.39970199995895,40.888038000316541],[-75.399215999712126,40.888218999824325],[-75.39914799994007,40.888244999761746],[-75.398865000082836,40.888351000079929],[-75.398727999815506,40.888402999840821],[-75.398540000392828,40.888463999847758],[-75.39843800028558,40.888502000291254],[-75.398376000361324,40.888522000158474],[-75.398273000429157,40.888557000251105],[-75.398059999993805,40.888649000192913],[-75.397885999916539,40.88873700004708],[-75.397588999815625,40.888870999924386],[-75.397491999731258,40.88892099998138],[-75.397135000254181,40.889082999743579],[-75.397029999773878,40.889131999995975],[-75.396958999628779,40.889162000188016],[-75.396939000435594,40.889170999699687],[-75.396659999878025,40.889289999994354],[-75.396479000128068,40.889356000105487],[-75.396408999807861,40.889227999747696],[-75.396365000325247,40.889145999770363],[-75.396336000012937,40.889101000145423],[-75.396305999875693,40.889065000015961],[-75.396262000393079,40.88902299995334],[-75.396113000430162,40.88892099998138],[-75.396038000087088,40.888870000275972],[-75.39599999955395,40.888832000043806],[-75.395919000261415,40.888876999851746],[-75.395723000442828,40.889057999781009],[-75.395660999620233,40.889099999821369],[-75.395628999833178,40.889124000123545],[-75.395541999794546,40.889145999770363],[-75.395318000386865,40.889141000190804],[-75.395013999714948,40.889101999790292],[-75.394848000033591,40.889095999883381],[-75.394703000268635,40.889118000218581],[-75.394667000283633,40.889112999957831],[-75.394380000228452,40.889170999699687],[-75.393955000081021,40.889259000217876],[-75.393812999790782,40.889288000031115],[-75.393329999917043,40.889288999673219],[-75.393149999991962,40.889288999673219],[-75.39304899970962,40.889289999994354],[-75.392914999815332,40.889375999714588],[-75.392842999845328,40.889403000195955],[-75.392677000163971,40.889403000195955],[-75.39242299972075,40.889386999836574],[-75.392164000152974,40.889337999773062],[-75.392140999688422,40.889343000016815],[-75.391923999953462,40.889331999887503],[-75.391648999593855,40.889348000260185],[-75.391482999912498,40.889386000196012],[-75.391019000305306,40.889539999676749],[-75.390800999847102,40.889602000310184],[-75.390563000195726,40.889672000013555],[-75.390302999904733,40.889720999829727],[-75.390035000116129,40.889737000108347],[-75.390009000176846,40.889735999793949],[-75.389876000107478,40.889731999894366],[-75.389636999732872,40.889692999842204],[-75.389296999974249,40.889604999901209],[-75.389231999676923,40.889589000269787],[-75.388993000200628,40.889490000087491],[-75.388363999838674,40.889352000182981],[-75.388183000088731,40.889341000055168],[-75.388030999752758,40.889346000298687],[-75.38778499970546,40.889378999995024],[-75.387285999938186,40.889467000236536],[-75.387168999762309,40.889467000236536],[-75.386973999768642,40.889467000236536],[-75.386829999828606,40.889450000253042],[-75.386445999689059,40.889478999982622],[-75.386357999825506,40.889392999717153],[-75.386203000014788,40.889229999712754],[-75.386098000432824,40.889130999672389],[-75.386018000066883,40.889038000075793],[-75.385953999594449,40.888942999695693],[-75.38586300025618,40.888793000140296],[-75.385813000027454,40.888676000291802],[-75.385773999669397,40.888618999768291],[-75.385747999730114,40.888571000147145],[-75.385720999965955,40.888540000033807],[-75.385674000110299,40.888506000265146],[-75.385644999797975,40.888493999663531],[-75.385571000178132,40.888473999787848],[-75.385512999553484,40.888467000169491],[-75.385368999613448,40.888465999835908],[-75.385286999597682,40.888473999787848],[-75.384726999731029,40.888545999991138],[-75.384356999835177,40.888610000181544],[-75.383998999634883,40.888661000087289],[-75.383843999824194,40.888674999961381],[-75.383764000356564,40.888676000291802],[-75.38370800028008,40.888672000328143],[-75.383632999936992,40.888655000140396],[-75.383564000340016,40.888631999999262],[-75.383487000347131,40.888592999977817],[-75.383441000316367,40.888559000236441],[-75.383335000011158,40.888461999859551],[-75.3829989995522,40.888114999972572],[-75.382909000038808,40.888012999959159],[-75.38283600024387,40.887938000188548],[-75.382476000393766,40.887532000154032],[-75.382425000340135,40.887481999726567],[-75.382324999882712,40.887396999931923],[-75.382211000079906,40.887328000210083],[-75.382068999789681,40.887258999737163],[-75.381836000161172,40.887175999683173],[-75.381739999901711,40.887149000330496],[-75.381446000173838,40.887053000279046],[-75.381241000134438,40.886990000296969],[-75.3811349998292,40.886951999664319],[-75.380973000345818,40.88690200015688],[-75.380560999718867,40.886777000204333],[-75.380386999641573,40.886716999681447],[-75.380086000241022,40.886604000325988],[-75.379979999935813,40.8865559999224],[-75.379867999782817,40.886510999894377],[-75.37974899995713,40.886452999858435],[-75.379687000032845,40.886413999911049],[-75.379615999887733,40.886366999734932],[-75.379572000405119,40.88632999978956],[-75.379481000168525,40.8862440001854],[-75.379415000046293,40.886161999905958],[-75.379353999946915,40.886050999663944],[-75.379301000243473,40.885904000103118],[-75.379277999778935,40.885811000046054],[-75.379262999710321,40.88572200000047],[-75.379246999816786,40.885675000012036],[-75.379237999595958,40.885603999778347],[-75.379204000159078,40.8854470001869],[-75.379143999884633,40.885123000120707],[-75.379133000013979,40.885086999864534],[-75.379127000166193,40.885044999993639],[-75.379118999770284,40.884987000031103],[-75.379112000097578,40.884959999785323],[-75.379096000204058,40.88489499975212],[-75.379077999762387,40.884760999973203],[-75.379054000371269,40.884619999897758],[-75.379034000279759,40.884451999747981],[-75.378995999746621,40.884228999735306],[-75.378963000134661,40.88411299968741],[-75.378910000431233,40.883967000298384],[-75.378849000331854,40.883830999870661],[-75.378795999730087,40.883736000165143],[-75.378655999988013,40.883519999919763],[-75.378557000253807,40.883391999819011],[-75.378431999682007,40.883271000318523],[-75.378365999559776,40.88322699982794],[-75.378291999939933,40.883192000312029],[-75.378153000022749,40.883152000066438],[-75.378106999991999,40.883144999885154],[-75.377726000225493,40.883134999818914],[-75.377633000339074,40.883132999669641],[-75.37735200013168,40.883118999981441],[-75.377193000123029,40.883082000257673],[-75.377173999856453,40.883070000030735],[-75.377128999650594,40.88304999987411],[-75.377092999665606,40.88302600008565],[-75.377061999703443,40.882997999981896],[-75.377000999604093,40.882925999854727],[-75.376971000365174,40.882854000328408],[-75.376966000342293,40.882836000264774],[-75.376969999641943,40.882729999941795],[-75.376979999687677,40.882672999729955],[-75.376981000410922,40.882524999713318],[-75.376982000235827,40.882439999664243],[-75.376963999794171,40.882377000044862],[-75.376941000227959,40.882258000222862],[-75.376895000197194,40.88212699978903],[-75.37682099967904,40.881951000042271],[-75.376728999617526,40.881793999934906],[-75.376653000347858,40.88167999988751],[-75.376612000339975,40.881625000324632],[-75.376415999623077,40.88136099988499],[-75.376378999813156,40.881311999991091],[-75.376300000170446,40.88122599997876],[-75.376248000291895,40.881157999700335],[-75.376080000062402,40.880938999887007],[-75.375942999795058,40.880752000180024],[-75.375774999565579,40.880528999925851],[-75.375618000105064,40.880319000105246],[-75.375581000295128,40.880270000119147],[-75.375469999967038,40.880125000183448],[-75.375433999982022,40.880076999834984],[-75.375189999584578,40.879755000219738],[-75.375131000033335,40.879685000214181],[-75.375095000048333,40.879632999715838],[-75.374993999765977,40.879509000086728],[-75.374889000183998,40.879363000050354],[-75.374881999612981,40.879353999884074],[-75.374855999673727,40.879310000185448],[-75.374818999863791,40.879225000082805],[-75.374761000137482,40.879026999804047],[-75.37473600002312,40.878846000286508],[-75.3747350001982,40.878793999808224],[-75.374690999817275,40.878324000163168],[-75.374628000068085,40.87804799968346],[-75.374607999976604,40.877988999889332],[-75.374570000341762,40.877904999942068],[-75.374511999717143,40.877826000322997],[-75.374419999655643,40.877728000019644],[-75.374402999937203,40.877714999684308],[-75.374388999693494,40.877699999712256],[-75.374322999571248,40.877662999676012],[-75.37425099960123,40.877631999886773],[-75.374167999760559,40.877608000171421],[-75.374057000330794,40.877586000085074],[-75.373883000253514,40.877586999903897],[-75.373768999552382,40.877597999947838],[-75.373528000426276,40.877641000287191],[-75.373503000311928,40.87764600005633],[-75.373328000409728,40.877686000233354],[-75.373203999662849,40.877717999814188],[-75.373109999951524,40.877736999727773],[-75.372848999835611,40.877802999814293],[-75.372710999743347,40.877839999772291],[-75.372632000100637,40.877860999959502],[-75.372576000024139,40.877878000203253],[-75.372473000091986,40.877919000053886],[-75.372386999878259,40.877959000065943],[-75.372252000159051,40.878042999944682],[-75.372226000219769,40.878060999953341],[-75.372093000150386,40.878156000333043],[-75.37190200035468,40.878304999738845],[-75.371355999833412,40.878721999862307],[-75.371309999802662,40.878762999869416],[-75.371168000410748,40.878870000232233],[-75.371140999748249,40.87888899981516],[-75.370965999846064,40.879016999794828],[-75.370908000119755,40.87905299995672],[-75.370860000439166,40.87907099969074],[-75.370799000339801,40.879088000302914],[-75.370744000088223,40.879096000030181],[-75.370705999555071,40.879096999826189],[-75.370651000201804,40.879089999895243],[-75.37059500012532,40.879075000234714],[-75.370560999790115,40.879060999688178],[-75.370512000284634,40.879032000147667],[-75.370433999568505,40.878992000104773],[-75.370369000169489,40.878952999835938],[-75.37030899989503,40.878918000097592],[-75.370060000373016,40.878772999916997],[-75.370010000144291,40.878744000250265],[-75.369933000151406,40.878707000118396],[-75.369811999777582,40.878911000147667],[-75.369774000142741,40.878979999815506],[-75.369718999891163,40.87911900008956],[-75.369697000149856,40.879209999773707],[-75.369688999753919,40.879245000036875],[-75.369661000164839,40.879483000113112],[-75.369644000446414,40.879699999736467],[-75.369585999821766,40.880020000055154],[-75.369481000239787,40.880420999752033],[-75.369434000384118,40.880555999941812],[-75.369394000201154,40.880633000153111],[-75.369345999622254,40.880710000274831],[-75.369304999614371,40.880761000156205],[-75.369262999781583,40.880802000258747],[-75.369154999826549,40.880912000027323],[-75.369088999704303,40.880970000165128],[-75.369024000305288,40.881019000312222],[-75.368852999702753,40.88118200016617],[-75.36879499997643,40.881246999770951],[-75.368758000166508,40.881300000122479],[-75.368727000204373,40.881357999920269],[-75.368646999838433,40.881564000126232],[-75.368619000249339,40.88166200018378],[-75.368508999746169,40.882055000072647],[-75.368454000392902,40.882161999868131],[-75.368414000209924,40.882218999840859],[-75.368350999562423,40.88228699970837],[-75.368220999866082,40.882400000322527],[-75.367957000275439,40.882579999886637],[-75.36785099997023,40.882643999734405],[-75.367728999771501,40.882709999682433],[-75.367578000158758,40.882800000122863],[-75.367547000196609,40.88281899993607],[-75.367461999807801,40.882863000018773],[-75.367245000072813,40.882979999957463],[-75.367100000307857,40.883052000025899],[-75.367178999950582,40.883147999768873],[-75.367225999806237,40.883203999837669],[-75.367262999616173,40.883256999980389],[-75.367332999936352,40.883343999802278],[-75.367363999898515,40.883404999718493],[-75.367372000294424,40.883461999979026],[-75.367373999944249,40.883474999864816],[-75.367373999944249,40.883509000180837],[-75.367368000096477,40.883540999663275],[-75.367352000202942,40.883584000216892],[-75.367328999738405,40.883642000050664],[-75.367298999601189,40.883686999992072],[-75.367240999874866,40.88374899999711],[-75.367136000292874,40.88384099983174],[-75.367074000368603,40.883911000196029],[-75.366995999652474,40.883982000208597],[-75.366933999728204,40.884045000337665],[-75.366897999743188,40.884087999884692],[-75.366816999552327,40.884152000311666],[-75.366804000031877,40.884162999943776],[-75.366530000395471,40.884424000247478],[-75.366372000211726,40.884569000273309],[-75.366297999693572,40.884626999923029],[-75.366135000385256,40.884789000010244],[-75.36599200027014,40.88492200002441],[-75.365763999766173,40.885167999734264],[-75.365461999642392,40.885524000141196],[-75.365363999733091,40.885630999761425],[-75.365285999915287,40.885726999838305],[-75.365176000310456,40.885844999841069],[-75.36515399967081,40.885870000338414],[-75.364924000415371,40.886148999868887],[-75.364861999592762,40.886233000220074],[-75.364797000193747,40.886305000145178],[-75.364683000390926,40.886458000320197],[-75.364581000283678,40.886575000015569],[-75.36455500034441,40.886596999830701],[-75.364486999674043,40.88666099986871],[-75.364407000206413,40.886711999918404],[-75.364244999824692,40.886796999913784],[-75.364137999694577,40.886847000179699],[-75.36406400007472,40.886874000334714],[-75.363987000081835,40.886902999834973],[-75.363881999601546,40.886921999828552],[-75.363849999814491,40.886927999932631],[-75.363813999829489,40.88692900028947],[-75.363693000353976,40.886910999975925],[-75.363372999788524,40.88682699980621],[-75.363289000122933,40.886792000156781],[-75.363181000167899,40.886747999969721],[-75.363089000106385,40.886698000308158],[-75.36302899983194,40.886656000101439],[-75.362971000105603,40.886607999735517],[-75.362855999579565,40.886497000241654],[-75.362790000355659,40.886405999710021],[-75.362682000400611,40.886277999758001],[-75.362555000179015,40.886120000038154],[-75.362514000171117,40.886073000332424],[-75.362419999561467,40.885985000331161],[-75.362282000367529,40.885891000015363],[-75.362142999552049,40.885811000046054],[-75.361980000243747,40.885726999838305],[-75.361882000334461,40.885657999733439],[-75.36184700017435,40.88563400021161],[-75.361741999694047,40.885535000224422],[-75.361692000363661,40.885479999790192],[-75.361606999974853,40.885361000114344],[-75.361550999898341,40.885258999930819],[-75.361519000111272,40.885178000172473],[-75.361315999721697,40.885231000092638],[-75.361160999910993,40.885284999672933],[-75.360486000416614,40.885497000114512],[-75.36006499956882,40.885630999761425],[-75.359725999635117,40.885726000142405],[-75.359427999709283,40.885800000008757],[-75.35927799992146,40.885828999979665],[-75.35905899963835,40.885891000015363],[-75.35900900030795,40.885915999816184],[-75.358953000231452,40.885964999697158],[-75.358933000139956,40.885990000149178],[-75.358906000375782,40.88602500022278],[-75.358889999583923,40.886056000156074],[-75.358877000063458,40.886120999728107],[-75.35886799984263,40.886198999945258],[-75.358848999576054,40.886285000287046],[-75.358839000428631,40.886426999896067],[-75.358825000184936,40.886532999730775],[-75.358806999743265,40.886607000052969],[-75.358763000260637,40.886709000196184],[-75.358739999796114,40.886739999809066],[-75.358706000359234,40.886775000165144],[-75.358668999651002,40.88680500006754],[-75.35853399993178,40.886866999867983],[-75.358430999999612,40.886906999905563],[-75.358331000440515,40.886938000104834],[-75.358046999860065,40.887007000233332],[-75.357989000133756,40.887016999714504],[-75.357782000444516,40.887076000289923],[-75.357625000085676,40.887139000190125],[-75.357546000442966,40.887177999710239],[-75.357155999557307,40.887421000172644],[-75.357035000081808,40.887507000284572],[-75.357021999663019,40.887514999673364],[-75.356982000378352,40.887540999887392],[-75.356969999784482,40.88755000029866],[-75.356875000248223,40.887614000094132],[-75.35666000016306,40.88776200027538],[-75.356589999842882,40.88780500012377],[-75.356559999705652,40.887825000201659],[-75.356496999956448,40.887872000021325],[-75.356337000122878,40.88798699993059],[-75.356190999634705,40.888072000325622],[-75.356097999748272,40.888110999974998],[-75.356002000387136,40.888152000278104],[-75.355853000424219,40.888192999876736],[-75.355783000104012,40.888204999853812],[-75.355490000201058,40.888291999962227],[-75.355284000336724,40.888370000336877],[-75.355183999879301,40.888426000061564],[-75.354871999709772,40.88857900008643],[-75.354798000089929,40.888610000181544],[-75.354613000141995,40.888690999813797],[-75.354407000277661,40.888737999697497],[-75.354355000399138,40.888742000336237],[-75.354240999697993,40.888760000151727],[-75.354157000032416,40.888766000089142],[-75.353982000130245,40.888785999876575],[-75.35385499990862,40.888795000118499],[-75.353819999748524,40.88879799974611],[-75.35373000023516,40.888793999789868],[-75.353586000295124,40.888777999962358],[-75.353368999661825,40.888719999876031],[-75.353121999789622,40.888637000296349],[-75.353059000040417,40.88861099983383],[-75.353002000139028,40.888577000101698],[-75.352905000054633,40.888498999971063],[-75.352746999870888,40.888382000281851],[-75.352683000296793,40.888301999928302],[-75.352493000325993,40.888120999968436],[-75.352459999815707,40.888100999980011],[-75.352449999769973,40.888094999982336],[-75.352239999707677,40.887986000268874],[-75.352162999714793,40.887948000208176],[-75.35207400002632,40.887910999788524],[-75.351996000208516,40.887884000056616],[-75.351889999903321,40.887841000259606],[-75.351802000039783,40.887823999858313],[-75.351693000259829,40.887821000186555],[-75.35164800005397,40.887823999858313],[-75.351516999634413,40.887853000300517],[-75.351397999808725,40.887884999719915],[-75.351331999686494,40.887910000125665],[-75.351172999677843,40.887970999907942],[-75.351032000110834,40.888006999953461],[-75.350979000407392,40.888014999960937],[-75.350832999919206,40.888014999960937],[-75.350769000345096,40.888014999960937],[-75.350443999756763,40.887970000245986],[-75.350351999695263,40.887950999874178],[-75.35019900043271,40.887908999783605],[-75.350102000348329,40.887888000067903],[-75.349845000430378,40.887827000209072],[-75.349739000125169,40.887797999755527],[-75.349529999887793,40.887754000237358],[-75.349437000001373,40.887730999782995],[-75.34934999996274,40.887718000054193],[-75.349255000426496,40.887718999719958],[-75.349175000060555,40.887728999772683],[-75.349088000021908,40.887742000178442],[-75.349015000226984,40.887760000265949],[-75.348929999838177,40.887774999995585],[-75.348824000431264,40.88779999976375],[-75.348620000216769,40.887823999858313],[-75.348537000376098,40.887823999858313],[-75.348498000018054,40.887819999843146],[-75.348359000100871,40.887785000039841],[-75.348275000435279,40.887742000178442],[-75.34816400010719,40.887663999742678],[-75.347902000166371,40.887479000039313],[-75.347574999928227,40.887227000015045],[-75.347302999941661,40.88699200032967],[-75.34723599999451,40.886921999828552],[-75.347121000366798,40.886792000156781],[-75.347087000031593,40.886747999969721],[-75.347041999825763,40.886696000266568],[-75.347020999909361,40.886705999794742],[-75.346968000205905,40.886733000007297],[-75.346902000083674,40.886762999928749],[-75.346824000265869,40.886800000311105],[-75.346683999625455,40.886847999858617],[-75.346573000195704,40.886877999727929],[-75.346399000118424,40.886915999723932],[-75.346301000209138,40.88693899978243],[-75.346184000033276,40.886955999731903],[-75.345860000168173,40.887014999682563],[-75.345650999930797,40.887068000168931],[-75.345293999555423,40.887149000330496],[-75.34498200028419,40.887212999834652],[-75.344851999689539,40.887231999739171],[-75.344787000290523,40.88724300021758],[-75.344331000180958,40.887310000005073],[-75.344279000302421,40.887400999972662],[-75.344169999624157,40.887561999713206],[-75.34413199998933,40.887595000299243],[-75.344043000300871,40.887653000013387],[-75.343977000178612,40.887683000196887],[-75.343946000216476,40.88769399992119],[-75.343670999856869,40.887801000107451],[-75.343489000282005,40.887878999702615],[-75.343166000241808,40.88803200031311],[-75.343049000065946,40.888082999985265],[-75.342803999843554,40.888214000174763],[-75.342772999881404,40.888236000124131],[-75.342734000421672,40.888274000019443],[-75.342699000261575,40.888321000199326],[-75.342688000390922,40.888345000104927],[-75.342671999599077,40.888396000214918],[-75.342658000253692,40.888469000157556],[-75.342668000299426,40.888592000325261],[-75.342681999644824,40.888750999905078],[-75.342704000284442,40.888895000309574],[-75.34276100018586,40.889145000126106],[-75.342775000429555,40.889206999771474],[-75.342781000277341,40.889225000139582],[-75.342803999843554,40.889293999920667],[-75.342852000422454,40.889462000002162],[-75.34287499998868,40.889542000311444],[-75.342896999729973,40.889619999891728],[-75.342932999714989,40.889724999729985],[-75.34296600022526,40.889819999666464],[-75.343052000438988,40.890062999934095],[-75.343093000446885,40.890147999699707],[-75.34313899957931,40.890262000100648],[-75.343211000447653,40.890440999708481],[-75.343249999907385,40.890530000198211],[-75.343316000029617,40.890677999969284],[-75.343353999664458,40.890749999811611],[-75.343430999657357,40.890867999685604],[-75.343577999970449,40.891046999691284],[-75.343584999643141,40.891055000010269],[-75.343764999568194,40.891253999909644],[-75.343884000292206,40.891370999953317],[-75.343993999897052,40.891497999952264],[-75.344328999632822,40.891870000022152],[-75.344417000394685,40.891977999847818],[-75.344567000182494,40.892135000242021],[-75.344757000153308,40.892324000252671],[-75.344951000322055,40.892500999848494],[-75.345092999713955,40.89261799972423],[-75.345287999707651,40.892778999673482],[-75.345374999746269,40.892855000335885],[-75.345513999663453,40.893008999891499],[-75.345542999975763,40.893051000140183],[-75.345575999587723,40.893116999895099],[-75.345582000333806,40.8931419996822],[-75.345584999808565,40.893165999876352],[-75.345585999633485,40.89319699985959],[-75.345587000356687,40.893217999927614],[-75.345552000196591,40.893292000243505],[-75.345522000059376,40.89332999995144],[-75.345510000363802,40.893337999994422],[-75.345466999807769,40.893373000255806],[-75.345435000020728,40.893396999687141],[-75.345378000119325,40.893443000044073],[-75.345339999586173,40.893467000129021],[-75.345307999799118,40.89348999994764],[-75.3451379999198,40.893584999910779],[-75.345051999706087,40.893634000224488],[-75.34496499966744,40.893687000162579],[-75.344631999581523,40.893875000241273],[-75.344612000388338,40.89388699986695],[-75.344463000425435,40.893972000152417],[-75.344393000105228,40.894013999789763],[-75.344203999959348,40.894125000255208],[-75.343639999894734,40.894459000097967],[-75.343424999809585,40.894578999950959],[-75.343336999946018,40.894628999768834],[-75.343258000303308,40.894679000228031],[-75.343166000241808,40.894730999769159],[-75.342886999684225,40.89487399982432],[-75.342792999972914,40.894927999684015],[-75.34258700010858,40.895055999879602],[-75.342463000260011,40.895127000157153],[-75.342122999603077,40.895326000031687],[-75.341914000264026,40.895472000162925],[-75.341734000338974,40.895631999732053],[-75.341655999622859,40.895710999826456],[-75.341506999659927,40.895859999773563],[-75.341396000230176,40.895982000241439],[-75.341177999771944,40.896191999929862],[-75.341017999938401,40.89634800029507],[-75.340786000134784,40.896564000089008],[-75.340685999677376,40.896662999872007],[-75.340641000369828,40.896706000047097],[-75.340360000162448,40.896980999921716],[-75.340292000390392,40.897053999898866],[-75.340130000008671,40.897210000268423],[-75.340090999650627,40.897258999934245],[-75.340077000305229,40.897281999792561],[-75.339996999939288,40.897294999679424],[-75.339883000136467,40.897305999842892],[-75.339792999724793,40.89730100020094],[-75.339757999564682,40.897294999679424],[-75.339678999921972,40.897282999992917],[-75.339507000392842,40.897250000164618],[-75.339386999843924,40.897237000268923],[-75.3391180002304,40.897194999961592],[-75.338991000008804,40.897165000016763],[-75.338453999708364,40.897010999949991],[-75.338337000430826,40.896973000319313],[-75.338153000307798,40.89692499996832],[-75.338015000215535,40.896899000046623],[-75.337850000359097,40.896857000203731],[-75.337703999870911,40.896815000334179],[-75.337564999953756,40.896765000131346],[-75.336839000405746,40.896443000228416],[-75.336548000152604,40.896307999853455],[-75.335974000042256,40.896054999962971],[-75.335552000267853,40.895847000283744],[-75.335364999771784,40.895752000173509],[-75.33521199961092,40.895685000106674],[-75.335136000341251,40.895671999903378],[-75.335076999891697,40.895667000137934],[-75.335020999815214,40.895683000336739],[-75.33497399995953,40.895704999839815],[-75.334963999913796,40.89571000028144],[-75.334915000408316,40.895740000207063],[-75.334847999562825,40.895786999836844],[-75.334281000023495,40.896278999721851],[-75.333992000318503,40.89650600003754],[-75.333937999891816,40.896444999975387],[-75.333931000219138,40.896401000096006],[-75.333944999564523,40.896357000187415],[-75.334060999915479,40.896181000260185],[-75.334067999588171,40.896137000205215],[-75.334060999915479,40.896093000120977],[-75.334024999930463,40.896026999939757],[-75.333850999853198,40.895786000292972],[-75.333757000141873,40.895610000204698],[-75.333721000156856,40.89556599976995],[-75.333590999562205,40.895307999965318],[-75.333533999660787,40.895232000083695],[-75.333525000338255,40.895220000022924],[-75.333409999812218,40.895142999807504],[-75.333207000320954,40.895049999833546],[-75.332823000181392,40.894818999682968],[-75.332592000202723,40.894719999856562],[-75.332309000345504,40.894643999978506],[-75.332178999750852,40.894594000171921],[-75.33209199971219,40.894533999946695],[-75.33193299970354,40.894396999941499],[-75.331658000242243,40.894210000234843],[-75.33139700012633,40.894073000237768],[-75.331144000406354,40.893831000010692],[-75.331057000367693,40.893770999772556],[-75.330977000001766,40.893732000063899],[-75.330788999680792,40.893687999738219],[-75.33060799993082,40.893623000129487],[-75.330506999648506,40.893562000125243],[-75.330397999868538,40.89345799984352],[-75.330304000157213,40.893303999974933],[-75.33024600043089,40.893237999727482],[-75.330173999562561,40.893172000093266],[-75.330022000124913,40.893090000250282],[-75.329941999758972,40.893062999915365],[-75.329818999735309,40.893046000176653],[-75.329766000031867,40.893034999983932],[-75.32930599972434,40.892946999734264],[-75.329131999647061,40.892887000052582],[-75.328821000200747,40.892721999968238],[-75.328755999903407,40.892700000152281],[-75.328392999680261,40.892507999719186],[-75.328367999565899,40.892524000002929],[-75.328225000349079,40.892618999995051],[-75.328046000248946,40.892728000225425],[-75.327420000260048,40.893113999784219],[-75.326995999937523,40.893376999935285],[-75.326939000036106,40.893412999755832],[-75.326660000376847,40.893613000288504],[-75.326614000346098,40.893578000154037],[-75.326590000056669,40.893560000291124],[-75.326482999926526,40.89346799970793],[-75.326440000268832,40.893431000337856],[-75.32637199959845,40.89337199999639],[-75.326237999704148,40.893256999939219],[-75.326169000107171,40.893198999704673],[-75.326101000335129,40.893142999945098],[-75.32605699995419,40.893106999977633],[-75.326047999733362,40.893098999906769],[-75.325938999953422,40.892985999905669],[-75.325901000318567,40.892946000147489],[-75.325882000052005,40.892926000259301],[-75.325873999656082,40.892918999753803],[-75.325794000188452,40.892839999720643],[-75.325768000249184,40.892814000230644],[-75.325748999982608,40.892794999891677],[-75.325694999555935,40.892741000328158],[-75.32567700001259,40.892723000237481],[-75.325660000294164,40.892707000001913],[-75.325620999936092,40.892665000213889],[-75.325608000415613,40.892650999825896],[-75.325594000171904,40.892637000114021],[-75.325554999813846,40.892595000281553],[-75.325542000293382,40.892582000150135],[-75.325526000399861,40.892565999880468],[-75.325472999798095,40.892527000140568],[-75.325451000056773,40.892525000275164],[-75.325348999949526,40.892400000079576],[-75.325208000382517,40.892250000212201],[-75.325159999803631,40.892198999677291],[-75.32504699982573,40.892100000004746],[-75.32474800007499,40.891811000325838],[-75.32043099955176,40.887511000318653],[-75.320259000022631,40.887554000330155],[-75.320022000196175,40.887632000216449],[-75.31979899971509,40.887697999943967],[-75.319629999660691,40.887750000217963],[-75.319457000306642,40.88779599974719],[-75.319059999748291,40.887910000125665],[-75.318699000073281,40.887976999916901],[-75.318516999600078,40.887994999940481],[-75.318062000213729,40.888030000311893],[-75.317772999610412,40.888050999982532],[-75.31737500012548,40.888090999983554],[-75.316932000434676,40.888128000302508],[-75.3167230001973,40.888152999937368],[-75.316563000363743,40.888192000218076],[-75.316498000066417,40.888216000170466],[-75.316431000119266,40.888252999740452],[-75.316370999844793,40.888295999948859],[-75.316272999935521,40.888384999928178],[-75.316123999972589,40.888563000206929],[-75.316051000177666,40.888665000051617],[-75.316002999598766,40.88873700004708],[-75.31587499955225,40.888917999680231],[-75.315834000442678,40.888982999836635],[-75.315739000008122,40.889112000313126],[-75.315634000426144,40.889255999931997],[-75.315447999754994,40.889514000248163],[-75.315420999990806,40.88955099977148],[-75.315343999997921,40.889448999934309],[-75.314471999961725,40.888295000291762],[-75.314344999740129,40.888128000302508],[-75.314150999571353,40.88787099967869],[-75.31363500008564,40.88718799984472],[-75.31196600035635,40.88497900033672],[-75.311880000142622,40.884868000147918],[-75.310365000399116,40.882863000018773],[-75.310143999567842,40.882569999735018],[-75.309773999671989,40.88209899998408],[-75.309720999968548,40.88203099992343],[-75.309628999907048,40.88190900021872],[-75.30955399956396,40.881804000203772],[-75.309329000331388,40.881488999838623],[-75.3092539999883,40.881385000277227],[-75.307335999838671,40.878874999908504],[-75.304457999789278,40.875107999822049],[-75.303184999895109,40.873363999960901],[-75.29972000021489,40.868781000301084],[-75.299331999877367,40.868267999931092],[-75.299203999830851,40.868097999792496],[-75.298879000140857,40.867664999825607],[-75.295317000376258,40.862955000243296],[-75.29488100035816,40.862382000096702],[-75.294852999870756,40.862307999866886],[-75.294827999756393,40.862244000060514],[-75.294799000342394,40.862252999835313],[-75.294713999953572,40.862284000031664],[-75.294686000364507,40.862294999900584],[-75.294636999960687,40.862318999731819],[-75.294519999784839,40.862378999951261],[-75.294433999571112,40.862407999992556],[-75.294238999577431,40.862473999734611],[-75.293978000359843,40.862563999832744],[-75.290992000355416,40.863608999944049],[-75.290074000288485,40.863929999939913],[-75.289947000066874,40.863973000324883],[-75.284038999632145,40.866040000217041],[-75.282421999781391,40.86713400006299],[-75.273594000362806,40.873106999742703],[-75.273529999890386,40.873150000282202],[-75.270209999975137,40.878071000106985],[-75.267312999659168,40.88236399994345],[-75.267288000443131,40.882374999872688],[-75.267223999970724,40.882473000087792],[-75.26669000004334,40.882732000103246],[-75.264806000228873,40.883649999906666],[-75.245824999822361,40.893383999713294],[-75.244654999860344,40.893983999760501],[-75.244197000100939,40.894202999865158],[-75.241307000356002,40.895577000220882],[-75.234293000431677,40.898910000329337],[-75.234028999942709,40.899034999767757],[-75.232501999605319,40.899759000109228],[-75.236312999790258,40.904029000281938],[-75.236706000150633,40.904475999938988],[-75.241129999905681,40.909437999830864],[-75.231258999848379,40.9146230002194],[-75.22721000001205,40.916749999940997],[-75.221821000334415,40.919581000142266],[-75.219606999908763,40.924638000134799],[-75.218840000352884,40.926390000074299],[-75.218190000074543,40.927874999728239],[-75.21780199973702,40.928102000181838],[-75.217003000394072,40.928396999836288],[-75.210949000369496,40.930636000147508],[-75.207893000044876,40.931767000055601],[-75.195745999637637,40.936260000028234],[-75.195568000260721,40.936326999701727],[-75.195535999575355,40.936336999869994],[-75.194995999800184,40.93639099980242],[-75.192300000223995,40.936656000100179],[-75.191983999856504,40.936687000055358],[-75.190224999715511,40.936861999791923],[-75.190054000011301,40.936878999803703],[-75.187530999789161,40.937130999983701],[-75.1874499995983,40.937176000181296],[-75.187345999841227,40.937248999893697],[-75.187247999931941,40.937300999890681],[-75.186513000163103,40.937424999770393],[-75.18613800024437,40.937516000004706],[-75.178073000183716,40.94032000025264],[-75.177941999764158,40.940890000114834],[-75.177586000112001,40.942437000217261],[-75.177027000070254,40.944875999879933],[-75.177022000047387,40.945059000204672],[-75.176950999902274,40.945382000307823],[-75.176836000274562,40.945522999767171],[-75.169864000183026,40.947878000151633],[-75.169479000218544,40.948008999952982],[-75.169463000325024,40.948014999942849],[-75.166370000190483,40.948167999839235],[-75.164176999681231,40.948275999991665],[-75.163780999846111,40.948296000101038],[-75.161789999901529,40.948394999772923],[-75.160833000374836,40.948441999969553],[-75.160387000311019,40.948490999662532],[-75.160137000065745,40.948518999858486],[-75.160126000195092,40.948489000132746],[-75.158661999606892,40.948634000151017],[-75.157912999594359,40.94870599999031],[-75.156700999799554,40.948822000056339],[-75.156513000376876,40.948840999901464],[-75.155052000161731,40.949075000224468],[-75.153432999762828,40.949263000231134],[-75.152934999820459,40.949310999901655],[-75.152148999997976,40.949540000153398],[-75.149784999784501,40.950228999691433],[-75.148296999805169,40.950664000219128],[-75.145130000050798,40.951584000309417],[-75.143509000002069,40.952317000240193],[-75.14259699978291,40.952728000304084],[-75.139864000396813,40.953963000112516],[-75.138959999675251,40.954393999725205],[-75.138537999900876,40.954589000273543],[-75.130067999784259,40.95853599997595],[-75.129231999733079,40.958930000232634],[-75.128732999965791,40.959307999773195],[-75.128310000366497,40.95964000014331],[-75.127804000028192,40.960205999739685],[-75.121461000298595,40.96731499991332],[-75.121170999870372,40.96763699985047],[-75.120817999692946,40.968027999938968],[-75.120231999887054,40.968702000151474],[-75.120301000382327,40.968789000152256],[-75.120378000375212,40.968872999973946],[-75.120462000040803,40.968952999833924],[-75.120543000231677,40.969021999838766],[-75.120646999988736,40.969099999934272],[-75.120749000095984,40.969167000203555],[-75.120856000226112,40.969229000098537],[-75.121006000013935,40.969299000281964],[-75.121081000357009,40.969335999922528],[-75.121459999575379,40.969392000255702],[-75.121486000412958,40.969409000032528],[-75.122100999632877,40.969817999926043],[-75.122307000395523,40.969955000310293],[-75.122602999773221,40.970151999883917],[-75.124514000250159,40.969820999947395],[-75.12451800044812,40.969820000166393],[-75.124621000380287,40.969802000035919],[-75.125627000310772,40.969674999880027],[-75.12589000007651,40.969646999839483],[-75.126172000108824,40.969602999848682],[-75.126419999805918,40.969567000142689],[-75.12660099955589,40.96954200009035],[-75.126668000401366,40.969532000202385],[-75.127035999749083,40.969475000201804],[-75.127992000349167,40.969200999868725],[-75.128865000210268,40.969018999781078],[-75.129074000447631,40.968975999843558],[-75.130165999693531,40.968961000221562],[-75.131267999883505,40.969252000011963],[-75.131359999945005,40.969275999706632],[-75.132052000056134,40.969624999847774],[-75.132621999968521,40.970005000092478],[-75.133777999686842,40.970973999865762],[-75.134381999934433,40.971672999761694],[-75.134392999805087,40.971686999692736],[-75.134700999776641,40.972038000141005],[-75.135074999870454,40.97279400019012],[-75.135115999878352,40.97289100027993],[-75.135530999980048,40.973803000065473],[-75.135633999912216,40.974692000086272],[-75.135639999760002,40.97599299968897],[-75.135520999934315,40.976865000152848],[-75.135491999621976,40.9769139997723],[-75.135438000093629,40.97700400016879],[-75.135159000434371,40.977477999733473],[-75.13511099985547,40.977533999937783],[-75.134510999805855,40.978251999701691],[-75.133919999977067,40.978980000280373],[-75.133852000204996,40.979065999972725],[-75.133560000126948,40.979490000302313],[-75.133530999814639,40.979542999897539],[-75.133475999563046,40.97961199967785],[-75.133427999882471,40.979686000256457],[-75.133391999897455,40.97973499981488],[-75.133085999575712,40.980178999856754],[-75.133028999674295,40.980284999931897],[-75.132522000409423,40.981234999935488],[-75.132252000072668,40.982094999709815],[-75.132105999584496,40.982565999868498],[-75.132067999949655,40.982728000039771],[-75.132058999728827,40.982768999982348],[-75.132045000383442,40.98283400008718],[-75.132031000139733,40.982892000335283],[-75.132021999918891,40.982933999758203],[-75.131822999727277,40.983812999707382],[-75.131785999917355,40.983978000261949],[-75.131529999824323,40.98491400013171],[-75.131497000212363,40.985616000131365],[-75.131484999618479,40.986334000070499],[-75.131483999793574,40.986478000152246],[-75.131483999793574,40.987116000084185],[-75.131558000311728,40.987368999937956],[-75.131709999749376,40.987886000129045],[-75.131725999642882,40.987938999758235],[-75.131619000411078,40.988899999872686],[-75.131524999801442,40.989263000211551],[-75.131470000448175,40.989476999792522],[-75.131340999678429,40.989980000293286],[-75.131332000355911,40.989997999664475],[-75.131303999868507,40.990051999782743],[-75.131262000035719,40.990134000028462],[-75.131221000027821,40.990215000022218],[-75.131194000263648,40.990270000111984],[-75.131096000354361,40.990464000284049],[-75.130615000130419,40.991043999812817],[-75.130574999947441,40.991092999747352],[-75.129651000032723,40.991930999785502],[-75.128577000330168,40.992874000091838],[-75.128440000062838,40.99298000010338],[-75.12767599998169,40.993578999722835],[-75.127195999582668,40.993953999830701],[-75.125694000257923,40.994751000191549],[-75.12549699971612,40.994855999817652],[-75.124622000205193,40.995226999824048],[-75.123422999930867,40.996129000021412],[-75.120482000132299,40.997546999728534],[-75.119584000156848,40.997965999722901],[-75.117861000000858,40.998771999897365],[-75.117487999731964,40.998934000255282],[-75.116952000154754,40.999165999890373],[-75.116148999715534,40.999514999854682],[-75.115345000349734,40.999863000001405],[-75.114809999699133,41.00009599975651],[-75.113657000353854,41.000883999863611],[-75.11317299975687,41.001215999834166],[-75.110595000181462,41.002173999730346],[-75.110076000322692,41.002849000137822],[-75.109225000202898,41.003956000293407],[-75.109154999882705,41.004048000272903],[-75.109113000049902,41.004101999729478],[-75.10885799978179,41.004211999740981],[-75.108752000374878,41.004258000246061],[-75.10860400023688,41.004321000310881],[-75.108386999603582,41.004416000262431],[-75.108163000195916,41.004512999943287],[-75.108016999707743,41.004576999696447],[-75.107543000054804,41.004781999694906],[-75.104274000193186,41.005704000312868],[-75.104244999880876,41.005713000225192],[-75.100682000291357,41.0067160000755],[-75.097148999940771,41.00797699975471],[-75.09612000044406,41.00855599988278],[-75.095788000183035,41.008633000128867],[-75.095492999731945,41.008712999893035],[-75.095200999653898,41.008799999992327],[-75.094911999948906,41.008891999987988],[-75.09462599971863,41.008991000267194],[-75.094345000409547,41.009094999715565],[-75.094065999851964,41.009205000204901],[-75.093522999703765,41.00944200025932],[-75.0932659997858,41.009566000194049],[-75.092997000172304,41.009701000327802],[-75.092869000125788,41.009769999732015],[-75.092628000101371,41.009919999926339],[-75.092306999710985,41.010179000149485],[-75.092167999793816,41.010294000089665],[-75.09202300002886,41.010404999776725],[-75.091716999707117,41.010614999827332],[-75.091556999873532,41.010712999712261],[-75.091392000017109,41.010807000101302],[-75.091048999885416,41.010980000243144],[-75.090872000333405,41.011059999869111],[-75.090663999920963,41.011209999838073],[-75.090555000141023,41.011329000008857],[-75.090473000125243,41.011459999931226],[-75.090361999797167,41.011650000126764],[-75.090218999682037,41.011826000232844],[-75.089929999977031,41.012053999948556],[-75.089335999775201,41.012497999948955],[-75.089030000351741,41.012712999828054],[-75.088719000007131,41.0129229999784],[-75.088401999814721,41.013129000250203],[-75.088078999774552,41.013328999726703],[-75.087752000434705,41.013525000088705],[-75.08741900034876,41.013716000222807],[-75.087082000064882,41.013900999704191],[-75.086866999979719,41.014012000092549],[-75.086646999871689,41.014117000214533],[-75.086421999740793,41.014216999884631],[-75.086191999587029,41.014308999772439],[-75.086076999959303,41.014358000035955],[-75.085860000224315,41.014470999896091],[-75.085758000117067,41.014535000144825],[-75.085661000032701,41.014601999671328],[-75.085568999971187,41.014674000057767],[-75.08548299975746,41.014750000154343],[-75.08540400011475,41.014829999947274],[-75.085329999596581,41.014913000324455],[-75.08526299964943,41.014998999919037],[-75.084495000268646,41.015920000154978],[-75.084217000434279,41.016007000226999],[-75.083383999857844,41.016269999940754],[-75.083222000374462,41.016322000040724],[-75.083105000198586,41.016349999921125],[-75.083065000015608,41.016360000166017],[-75.08234799979013,41.01653399971071],[-75.081100999835229,41.016837999798888],[-75.080049999698886,41.016898000123213],[-75.079304000059395,41.016940999994397],[-75.07927300009726,41.016941999738876],[-75.078397999688022,41.016991999820974],[-75.077784000293022,41.017028000073537],[-75.075774000081879,41.01710100026164],[-75.074999000130049,41.017130000230345],[-75.074916000289363,41.017185999970152],[-75.074190999667962,41.017675000165788],[-75.07385099990934,41.017749000046891],[-75.071984999638232,41.018157999731088],[-75.070531999819011,41.018620000303613],[-75.070332999627368,41.018734999742946],[-75.069277000366483,41.019347999784799],[-75.059115999880945,41.024178999692495],[-75.053655000233292,41.026389000225933],[-75.053431999752206,41.026523999769822],[-75.053210999819285,41.026661000263985],[-75.052958999924201,41.026824999694227],[-75.052712999876903,41.026994000064029],[-75.052471999852472,41.027167999979568],[-75.052107999804392,41.027399999829484],[-75.051737999908553,41.027627999855326],[-75.05136399981474,41.027850999842187],[-75.050983999873139,41.028070000094083],[-75.050599999733578,41.028283999723229],[-75.050210999571149,41.0284930001337],[-75.049843000223447,41.028684000236765],[-75.049421000449044,41.028896999662713],[-75.049018999867826,41.029090999984739],[-75.048735000185701,41.029221999822987],[-75.0484470003056,41.029347000030924],[-75.048154000402647,41.029467000196973],[-75.047857000301718,41.029581000118327],[-75.047556999827748,41.029688999826043],[-75.047253000054141,41.029791000027338],[-75.046945999907493,41.02988700007247],[-75.046634999562869,41.029976999987625],[-75.046321999568406,41.030060999797506],[-75.04600600009924,41.030139000202603],[-75.045581999776715,41.03025900028053],[-75.045160000002326,41.030383999875035],[-75.044742000425884,41.030514999851363],[-75.044508999899065,41.030592000181407],[-75.044231999889632,41.030684999773513],[-75.043914999697222,41.030795000126972],[-75.043507000166542,41.030943000140105],[-75.043102999935485,41.031096999709035],[-75.042702000077497,41.031257000146866],[-75.042393000281024,41.031398999938709],[-75.042088999609106,41.031546999949413],[-75.041789000033447,41.031699999940372],[-75.041495000305574,41.031859000072423],[-75.041205999702242,41.032024000302137],[-75.040922000020117,41.032193999716114],[-75.040644000185779,41.032369000308563],[-75.040372000199213,41.032550000191911],[-75.040106000060433,41.032735000307177],[-75.039793000065984,41.032998999809493],[-75.039485000094416,41.033266000131384],[-75.039204999711927,41.03351599986231],[-75.038861999580263,41.03383399977988],[-75.038616000431276,41.034069999829526],[-75.038295999865809,41.034373000131552],[-75.037990000442377,41.034652000108949],[-75.037675999724712,41.034926000191547],[-75.037355000232665,41.035195999909092],[-75.037027000169587,41.035459999706625],[-75.036692000433845,41.035719999930208],[-75.036350999951992,41.035974999816617],[-75.036002999797446,41.036223999972187],[-75.035647999970209,41.036467999913015],[-75.035355999892161,41.036653999982406],[-75.035057999966341,41.036835999723714],[-75.034755000017626,41.037012000290581],[-75.034447000046057,41.037182999813112],[-75.034134000051594,41.037348999685499],[-75.033816000034292,41.037509999945534],[-75.033493999819001,41.037665999952289],[-75.033166999580857,41.037816000313839],[-75.03254700033807,41.038005999693759],[-75.032430999987113,41.038038000248612],[-75.032208000404353,41.03811900031311],[-75.032000999816816,41.038220000228769],[-75.031763000165427,41.038324999701722],[-75.031521000316104,41.038424999882999],[-75.031274000443872,41.038519000023236],[-75.031024000198627,41.038606000055076],[-75.030769999755421,41.038687000098129],[-75.03051200001255,41.0387620001746],[-75.030250999896651,41.038831000304995],[-75.029988000130913,41.038892999741847],[-75.029860000084398,41.03892000010125],[-75.029733999687693,41.038951000123824],[-75.029609999839138,41.038987999978694],[-75.029489000363625,41.039029000159758],[-75.029340000400708,41.039081999992497],[-75.029188999889655,41.039131000119433],[-75.029034000078966,41.039173999702967],[-75.02887699972014,41.039213000277961],[-75.028719000434691,41.039246999735298],[-75.028557999877904,41.039275000032504],[-75.028215999571145,41.039324000015775],[-75.027873000337777,41.039366000069222],[-75.027527999657977,41.039402999690765],[-75.027351999930886,41.039424000034401],[-75.027180000401742,41.039492000068726],[-75.027101999685627,41.039529000297009],[-75.026961000118618,41.039621000060272],[-75.026847000315797,41.039730999711573],[-75.026762999751895,41.039855000219099],[-75.02673299961468,41.039920999661788],[-75.026699000177814,41.040059000130491],[-75.026694999979853,41.040129000326345],[-75.026650999598914,41.040328999798263],[-75.026600000443608,41.040526999889565],[-75.02654099999404,41.040725000062828],[-75.026474000046903,41.040921000201969],[-75.026400000427046,41.041115999702484],[-75.026318000411308,41.041307999824014],[-75.026268000182583,41.04140400001355],[-75.026190000364778,41.04160100021091],[-75.026161000052454,41.041701000157715],[-75.026126999717249,41.041904999767773],[-75.026129000265414,41.041947000206775],[-75.026139000311147,41.041988999941523],[-75.026183999618667,41.042066999764891],[-75.026254999763779,41.042195000091205],[-75.026280999703047,41.042261999935114],[-75.026314000213318,41.042399000202565],[-75.026341999802426,41.04260799984359],[-75.02643300003902,41.042730000290064],[-75.02666900004057,41.042851999832841],[-75.026773999622549,41.042888000176745],[-75.026983999684845,41.043028999922527],[-75.027254999846491,41.043552999919854],[-75.027340000235299,41.043827000214776],[-75.027389999565699,41.044106000094615],[-75.027358999603564,41.04454300012496],[-75.027280999785759,41.044886000243153],[-75.027146000066551,41.045253999736985],[-75.026956000095751,41.045610000043148],[-75.02673299961468,41.045955999964356],[-75.026397999878924,41.046438000111721],[-75.026021000310379,41.046936000260757],[-75.025832000164485,41.047171000118674],[-75.025364000359346,41.047693999699064],[-75.024959000303383,41.04808699983618],[-75.024663999852294,41.048365000001695],[-75.023753000356351,41.049182999953487],[-75.023143000261001,41.04983500009542],[-75.022394000248454,41.050565999697639],[-75.022164000094676,41.050758999932398],[-75.022005999910945,41.0508530000699],[-75.02183000018384,41.050925000113217],[-75.02173599957419,41.050953000184023],[-75.02157800028877,41.051012999908551],[-75.021545999603404,41.05102500011791],[-75.021457999739852,41.051069999867195],[-75.021374999899166,41.051120999681302],[-75.021297999906281,41.051177000321694],[-75.02122799958606,41.05123699984194],[-75.021164999836884,41.05130200016373],[-75.021108999760386,41.051371000018186],[-75.021061999904745,41.051443000172078],[-75.02103000011769,41.051529000158496],[-75.020995999782485,41.051602999930815],[-75.020950999576641,41.051679999980834],[-75.020897000048279,41.051752999689924],[-75.020836999773834,41.051824000210907],[-75.020769000001764,41.051889999844072],[-75.020695000381934,41.05195199984972],[-75.020625999886633,41.052018999921238],[-75.020563000137443,41.052087999701186],[-75.02050500041112,41.052161000312445],[-75.020454000357503,41.052235000051297],[-75.020409000151659,41.052312999923977],[-75.020369999793587,41.052392000265272],[-75.020288999602741,41.052550999867151],[-75.020200999739203,41.052708000004465],[-75.020106000202944,41.052863000014128],[-75.020004999920616,41.053015000036069],[-75.019897999790487,41.05316499996303],[-75.019783999987681,41.053311999938941],[-75.019664000337087,41.053455999984003],[-75.019332000076062,41.053841000005455],[-75.018993000142345,41.054223000238544],[-75.018648000360841,41.054602000058125],[-75.018472999560359,41.054769999721138],[-75.018305000229176,41.05494099984481],[-75.01814299984747,41.055116000247956],[-75.017988999861672,41.055295000221264],[-75.01784300027181,41.055477999732105],[-75.017704000354641,41.055664000267875],[-75.01757200011015,41.055852999771041],[-75.017449000086515,41.056045000247913],[-75.017357000025001,41.056184999748346],[-75.017274000184329,41.056329000278453],[-75.017222000305793,41.056429000197731],[-75.017129000419374,41.056622999986864],[-75.017069000144915,41.056774000310135],[-75.01700800004555,41.056956999770783],[-75.016972999885454,41.057079000031571],[-75.016937999725343,41.057233999903289],[-75.016910999961155,41.05738900008712],[-75.016890000044768,41.057567000166713],[-75.016870999778192,41.057788999857323],[-75.016842000364193,41.058031000179952],[-75.01680499965596,41.058288999705653],[-75.016765000371308,41.058515000186212],[-75.016715999967502,41.058756000082916],[-75.016659999891004,41.058995999990714],[-75.016597000141815,41.059234999920449],[-75.016520000148901,41.059469999877528],[-75.016434999760094,41.059703000127307],[-75.016341999873688,41.059934000013598],[-75.016240999591332,41.060164000000412],[-75.016115999917872,41.060421999965001],[-75.01601499963553,41.060616999928321],[-75.015890999786961,41.060839999917562],[-75.015759000440809,41.061059999895015],[-75.015474000035468,41.06149300010258],[-75.015320000049655,41.061705999701438],[-75.015260999600116,41.061796000135523],[-75.015218999767328,41.061874000186307],[-75.015211000269716,41.061888999664468],[-75.015169000436927,41.061983999892298],[-75.015135000101751,41.062081000133112],[-75.015111999637199,41.062171000054015],[-75.015094999918773,41.062278999796519],[-75.015088000246081,41.062379999884421],[-75.0150830002232,41.06246700020462],[-75.015069999804425,41.06255300000317],[-75.015048000063103,41.062638999689256],[-75.015017999925874,41.062722999809701],[-75.014981000115952,41.062804999694727],[-75.014935000085202,41.062885000029148],[-75.014882000381746,41.06296199974274],[-75.014821000282382,41.063036000200547],[-75.014716999626998,41.063155999905582],[-75.014621000265848,41.063278999900945],[-75.014531999679079,41.063405000169745],[-75.014449999663313,41.063534999731793],[-75.014415000401527,41.063598999703089],[-75.014376999868375,41.063666999816057],[-75.014310999746129,41.063800999733225],[-75.014253999844712,41.063937999856613],[-75.014205000339246,41.064076000077925],[-75.014133000369213,41.064328999731565],[-75.014053999828192,41.064581000068088],[-75.013995000276964,41.064780999723119],[-75.013938000375546,41.064948999803093],[-75.013852000161819,41.065176000116345],[-75.013767999597917,41.065369999843661],[-75.013676000434728,41.06556299999243],[-75.013575999977292,41.065752999855825],[-75.013468999847191,41.065940999814863],[-75.013353000394531,41.066126000211696],[-75.013230000370896,41.066307999717161],[-75.01309899995131,41.066486999710698],[-75.012960999859075,41.066663000216863],[-75.012553000328367,41.067126999724096],[-75.012484999658014,41.067197000247184],[-75.012410000213222,41.067263999691136],[-75.01232900002239,41.067324999772474],[-75.012241000158852,41.067381999819503],[-75.012148000272418,41.067434000187689],[-75.012050000363132,41.067479999879986],[-75.011948000255884,41.067520000263499],[-75.01184100012577,41.067553999994729],[-75.011732000345816,41.067581999760158],[-75.011620000192806,41.067604000244721],[-75.01150700021492,41.067618999770545],[-75.011188000372684,41.067645000204649],[-75.010867999807218,41.067663999681884],[-75.010547000315171,41.067676999891354],[-75.010226999749719,41.067684000159339],[-75.009906000257672,41.067682999830851],[-75.009584999867315,41.067676000239999],[-75.009265000200159,41.067663000030336],[-75.008944999634707,41.067641999894626],[-75.008625999792486,41.067614999806999],[-75.008351000331189,41.067585999725665],[-75.00799200030599,41.067542000091585],[-75.007501000036299,41.067485999837459],[-75.007404999776853,41.067483000197406],[-75.007309000415702,41.067485999837459],[-75.007213999981133,41.067495999765427],[-75.007121000094713,41.067512000324214],[-75.007029000033199,41.067534000154964],[-75.006941000169661,41.067561999928905],[-75.006855999780853,41.06759600031566],[-75.006787000183863,41.067628999678234],[-75.006736999955152,41.067657000089007],[-75.006629000000117,41.067727999698398],[-75.006563999702806,41.067781999769721],[-75.006505999976469,41.067839999746745],[-75.00645099972489,41.067895000051358],[-75.004139000288262,41.070218999743872],[-75.003775000240182,41.07058499986568],[-75.003456000397961,41.070905000008857],[-75.003109000068306,41.071253999779799],[-75.00271400005812,41.071595999879051],[-75.002339999964306,41.071927000037462],[-75.0019590001978,41.072254000202541],[-75.001571999685183,41.07257699975672],[-75.001179000223104,41.072896000113431],[-75.000780000014927,41.073209999731944],[-75.000518999899029,41.073346999891456],[-75.000231999843862,41.073579000172778],[-74.999616999725617,41.073943000085116],[-74.998729999620821,41.074358000095629],[-74.998329999587739,41.074547000054551],[-74.996677999576875,41.075481000226105],[-74.996163999740972,41.075781999728378],[-74.995320000192194,41.076278000133257],[-74.994847000364175,41.076555999665516],[-74.994162999750642,41.076842999725038],[-74.993062000283928,41.077306999848624],[-74.990836999987607,41.077935000140954],[-74.990482999985289,41.078025000032],[-74.989332000289849,41.078319000262042],[-74.989230000182602,41.078331000229689],[-74.987649000316836,41.078525999904606],[-74.986821999588173,41.078628000254163],[-74.984483000387357,41.078934999833407],[-74.982910000019217,41.079130999902183],[-74.982590000352076,41.079172000122533],[-74.9814370001085,41.079702000222433],[-74.98140699997127,41.079716999696728],[-74.980890999587231,41.079953999874739],[-74.97980099999117,41.080542000045909],[-74.979574000210434,41.080666000151972],[-74.978204000231884,41.081402000334897],[-74.974942999867849,41.083158999721597],[-74.973324000367271,41.084031999982166],[-74.970986999917969,41.08529299974586],[-74.970093999965371,41.085885999803814],[-74.969123000194998,41.086803000036639],[-74.968520999597231,41.087617999879413],[-74.968388000426145,41.087796000056933],[-74.968001999738448,41.088680999760321],[-74.967872999867026,41.088996999812018],[-74.967661000154919,41.089524999901016],[-74.967408000434929,41.090116999694501],[-74.967280000388413,41.090687000047588],[-74.967256999923862,41.090703999679278],[-74.967183000304047,41.091232000268256],[-74.967085000394732,41.091595999911242],[-74.967061999930209,41.091643000263133],[-74.966953000150269,41.09197900014258],[-74.966815000058006,41.092520999949357],[-74.966778000248084,41.092892000189536],[-74.966773000225217,41.093036000222014],[-74.966758999981522,41.093424999803567],[-74.966809000210219,41.093771000040327],[-74.9669060002946,41.094409999889848],[-74.96692300001304,41.094519999996514],[-74.967463999613116,41.095327000309979],[-74.967570999743245,41.095383999771059],[-74.968468999718695,41.09586200027681],[-74.969433999641296,41.096074000333758],[-74.970529999983455,41.095953999785202],[-74.970695999664812,41.09591000018353],[-74.971754000372158,41.095635000313074],[-74.971843999885536,41.095610999925121],[-74.972036000404472,41.095561999895637],[-74.972106999651274,41.095524000137729],[-74.972190000390256,41.095481000153569],[-74.973373999697671,41.094857999885619],[-74.973596000353837,41.094767000112562],[-74.974338999620272,41.094463999706754],[-74.975297999695101,41.094073000330631],[-74.976888999606587,41.093179999938812],[-74.97778199955917,41.092583000239316],[-74.978642999724698,41.092010000212134],[-74.979094999636317,41.091705999990594],[-74.97954599972303,41.091402999683972],[-74.980250000428057,41.090930999756232],[-74.980801000073868,41.090374999932379],[-74.981185000213429,41.089989999850822],[-74.981314000084836,41.08985999978858],[-74.981521999598982,41.089764999892928],[-74.982648999903304,41.089256999709079],[-74.983024999646958,41.089088000129948],[-74.983320999922967,41.088995999807793],[-74.983767999811704,41.088857999760066],[-74.98421200022571,41.088720000099563],[-74.984510000151545,41.088628999948973],[-74.984782000138125,41.088544999750191],[-74.986244000178189,41.088422000305123],[-74.9865279998603,41.088399000003527],[-74.988262999711836,41.088222000121405],[-74.98955400004769,41.088268000163417],[-74.991012999714712,41.088578000107077],[-74.991380000135834,41.08883100026145],[-74.991815000328998,41.0891320002385],[-74.992006000124718,41.090340999817293],[-74.992015000345546,41.090395000270689],[-74.991967999591566,41.090699999766372],[-74.991848999765878,41.091495000020871],[-74.991801000085303,41.091778999953874],[-74.991741999635764,41.092138000169655],[-74.991718000244632,41.092283999732103],[-74.991689999757227,41.092456999697873],[-74.991651000297495,41.09254700001253],[-74.991386999808512,41.093155000067043],[-74.990909999782559,41.093734999787586],[-74.990416000038124,41.09423100010423],[-74.990065000408862,41.094558000335191],[-74.989611999773999,41.09502700019349],[-74.9893010003277,41.09541299977478],[-74.988866999959441,41.096019999809393],[-74.988481000170054,41.09674900009621],[-74.988170999650336,41.097387000210858],[-74.987676000081009,41.098701999956759],[-74.987625000027379,41.098804999984885],[-74.987377000330284,41.099442999760988],[-74.987331000299534,41.099516999771033],[-74.987129999559741,41.099971999674821],[-74.986424999928133,41.101043999782647],[-74.985747000060712,41.102000000231122],[-74.985623000212158,41.102156000283628],[-74.985547999869084,41.102260999915089],[-74.984709000343173,41.103279999706039],[-74.984222000271444,41.103872999873957],[-74.983955000307773,41.104308999673776],[-74.983659000031764,41.105013999682377],[-74.983239999732092,41.106104999942289],[-74.982945000179313,41.106795999973315],[-74.982550000169098,41.10758299988705],[-74.982282000380508,41.10805900017732],[-74.982105999755092,41.108299000141336],[-74.982000000348208,41.108490000044249],[-74.981287000320663,41.109314999882749],[-74.980897000333329,41.109649000006776],[-74.98065299993587,41.10989800013261],[-74.979985000114183,41.110506999665894],[-74.979543000248299,41.1108239999826],[-74.978980999833496,41.111092999840857],[-74.978281000224769,41.111285000079583],[-74.977163000141289,41.111661000246009],[-74.97637800014374,41.111988999986259],[-74.975459000251888,41.11243899984413],[-74.974634000071362,41.11282199969073],[-74.973589999607725,41.113186000161853],[-74.971474999814603,41.113690000189422],[-74.970475999556797,41.113873999890622],[-74.969462000128701,41.113960999735291],[-74.968824000444258,41.113951000109076],[-74.968221999846477,41.113857999789985],[-74.967851999950639,41.113799000188727],[-74.967045000211755,41.113741000161937],[-74.966871000134503,41.113748999888642],[-74.966052999626669,41.113781000139198],[-74.965416999592037,41.113868999732702],[-74.965043000396548,41.113963999961257],[-74.964699000439964,41.1140530002858],[-74.963958999749934,41.114330000105326],[-74.96323300020191,41.114675999855613],[-74.962757000000849,41.114962999903909],[-74.962596000342387,41.115099000038057],[-74.961407000113795,41.115817000086714],[-74.961226000363823,41.115932000210329],[-74.960396999985335,41.116459999680885],[-74.95981799985212,41.116890999893002],[-74.958456000269479,41.117906999992748],[-74.95806600028213,41.118078999905208],[-74.957005999924974,41.118688000020811],[-74.956153999980273,41.11909700033376],[-74.955014000155487,41.119579999861813],[-74.953548999742367,41.120185000114276],[-74.952163999695188,41.120776999673161],[-74.95105499983255,41.121388999680349],[-74.949094000025184,41.122562999815194],[-74.948112000384143,41.123192000105362],[-74.947411000052185,41.123732999994964],[-74.947245000370842,41.124002999885057],[-74.947190000119264,41.124409999950849],[-74.947261000264362,41.124734999863357],[-74.947423999572663,41.125095000063247],[-74.947441000189414,41.125148000232301],[-74.947684999688576,41.125889000014951],[-74.947691000434673,41.125966999790251],[-74.94769499973431,41.126029000308876],[-74.94769599955923,41.126038000008215],[-74.947714000000886,41.126292000111498],[-74.947667999970136,41.126346000102579],[-74.947671000343192,41.126398999937898],[-74.94756900023593,41.126705000154374],[-74.947315999617643,41.127222999939647],[-74.946694999651612,41.128039999815897],[-74.946083999731343,41.128603000021755],[-74.945518000016904,41.128978999778717],[-74.945165999664383,41.129306000201794],[-74.944829000278816,41.129713999915595],[-74.94449799984271,41.12997399966337],[-74.943989000029674,41.130244000262785],[-74.94344500005657,41.130498999695853],[-74.942438000301166,41.130784000158066],[-74.941453000287069,41.130960999686593],[-74.940597000144393,41.13103399999526],[-74.939761999918133,41.131041000280099],[-74.939156000020745,41.131079999823655],[-74.938509999940365,41.131212000240609],[-74.937232999848234,41.131582999769876],[-74.935774000181198,41.132055999847687],[-74.93322900021775,41.132938999890861],[-74.931959999623217,41.133408000322952],[-74.931146000211669,41.133734000322896],[-74.930027000303269,41.134308000282999],[-74.928459999782902,41.13519700032473],[-74.926548000379341,41.136278000019026],[-74.924468999672911,41.137529999895236],[-74.923779000109917,41.138010999868918],[-74.923148999923058,41.138526999841893],[-74.922626999691246,41.139112000254698],[-74.922358000077722,41.139523000282907],[-74.922281000084837,41.139676000070132],[-74.922252999597433,41.139705000131023],[-74.922009000098285,41.140182000109725],[-74.921737000111705,41.140726000308781],[-74.921433000338098,41.141175000114593],[-74.921096000054206,41.14156999995906],[-74.920378999828728,41.142287000070354],[-74.919788999824846,41.142759000225915],[-74.919099000261852,41.143194000316484],[-74.917796000230439,41.143994999993787],[-74.917262000303054,41.144363000098259],[-74.916708000284189,41.144832999857364],[-74.915457999956217,41.14604200011766],[-74.914903999937351,41.146630999679893],[-74.914225000245025,41.147317000278093],[-74.913293999759276,41.148172999719655],[-74.91185699983356,41.149539999884595],[-74.910413000235181,41.150865000135788],[-74.90925999999159,41.151955999901027],[-74.907768999639217,41.153477000085083],[-74.907100999817516,41.154117999891184],[-74.906211000237988,41.154797999838458],[-74.906126999674086,41.154841000200783],[-74.905782999717488,41.155168000208498],[-74.905256000361135,41.155667999730419],[-74.904488999906917,41.156610000172236],[-74.904399000393553,41.156757000077718],[-74.904040000368354,41.157229000232583],[-74.903481000326607,41.158085000118533],[-74.903114999730406,41.158747000281544],[-74.902819000352707,41.159425000336284],[-74.902728999941019,41.159671999728545],[-74.902117000195844,41.161331000284775],[-74.901568000199831,41.162996000126036],[-74.901026999701443,41.164480000241902],[-74.900737999996437,41.165188999828047],[-74.900393000214933,41.165770999858765],[-74.899942999953154,41.16630999988169],[-74.899295000222949,41.166885000260265],[-74.898542000012469,41.167443999768672],[-74.896819999681384,41.168602999867119],[-74.895632000176022,41.169359999767487],[-74.894853999851151,41.16984600017269],[-74.893965000096543,41.170500000304351],[-74.892899999716505,41.171266000180971],[-74.89200000009123,41.171928999826285],[-74.891303999782139,41.172409000268637],[-74.890777000425771,41.172725000313662],[-74.890546000447088,41.172839000002838],[-74.89049000037059,41.172877999708611],[-74.890163999957352,41.173097999781213],[-74.889988000230261,41.173216999866028],[-74.889896000168747,41.173299999842719],[-74.889753999878522,41.173417000095569],[-74.889353000020535,41.173749999775644],[-74.888394999770611,41.174686999711838],[-74.887121000051522,41.17598900005941],[-74.886511999781078,41.17648600023437],[-74.886146999908078,41.176741999733203],[-74.885845999609202,41.177045000316674],[-74.885337999621086,41.177558000037109],[-74.884345999934311,41.17855999978881],[-74.883375999988829,41.179538000314871],[-74.883353000422616,41.179560999785799],[-74.883110999674955,41.179840000161654],[-74.882637999846949,41.180380000021025],[-74.882430000332803,41.180676000283405],[-74.882330999700287,41.180820999702206],[-74.881462000037132,41.18238399994155],[-74.880538000122428,41.184013000163851],[-74.87944000013043,41.185818999932913],[-74.879312999908819,41.185994999757185],[-74.879132999983753,41.186318000305079],[-74.879025000028733,41.186510999972469],[-74.878963000104449,41.186672999783106],[-74.878819000164413,41.187126000043129],[-74.878645999912052,41.188229999871673],[-74.878633000391574,41.1889380001642],[-74.878472999659678,41.189655999816573],[-74.878296999932587,41.190181999748845],[-74.878198000198381,41.190469000002928],[-74.877819999906606,41.191263999814026],[-74.877178999849122,41.192497000218971],[-74.876959999565997,41.192931000333687],[-74.876901000014755,41.193095999793798],[-74.876327999729313,41.194182999812618],[-74.876297999592097,41.194240999687565],[-74.875377999875326,41.196058000248115],[-74.874792999894325,41.19723899997625],[-74.874273000210636,41.198085999688118],[-74.874046000429914,41.198456000304134],[-74.872100999617771,41.201251000109913],[-74.87170200030792,41.201861000065541],[-74.871375999894695,41.202366999931492],[-74.87085000036322,41.203184000228532],[-74.869892999938216,41.204731000332742],[-74.868999000160727,41.206086999988557],[-74.86897800024434,41.206118000221352],[-74.866475999938586,41.209504999932044],[-74.864105999877324,41.212361000034278],[-74.863325999902628,41.213283000229055],[-74.862212000017109,41.214744999833798],[-74.860565000029112,41.216987000072301],[-74.85982199986438,41.218110000220186],[-74.859472999884915,41.218772999935894],[-74.859251000127074,41.219432000189677],[-74.859190999852601,41.219972999883957],[-74.859210999944096,41.220071999921913],[-74.859323000097078,41.220507000319458],[-74.859590000060777,41.220951000034219],[-74.860135999683735,41.221641000274396],[-74.860631999976263,41.222071999682996],[-74.860837000015692,41.222318000000399],[-74.86095599984138,41.222400999898724],[-74.86120799973645,41.222539000172141],[-74.862198999598334,41.223124999949952],[-74.864544000443544,41.224432999684822],[-74.865511000015971,41.225101999905888],[-74.866332999823442,41.225821000052797],[-74.866906000108898,41.226512000192812],[-74.86724199966956,41.227011999700466],[-74.867436999663227,41.227419999979062],[-74.867590999649025,41.22797400002429],[-74.867634000205044,41.228620000032002],[-74.867573999930585,41.229168999895116],[-74.867418000294975,41.229889999678029],[-74.867204999859652,41.230676999957197],[-74.866925000375474,41.231382000202025],[-74.866573999847873,41.232070999971285],[-74.866172999989885,41.232692999805458],[-74.865629000016753,41.233337000138462],[-74.864592000124134,41.23448199983207],[-74.862750999967361,41.236850999856536],[-74.862334000215853,41.237430999757763],[-74.862140000047091,41.237789000260996],[-74.861997999756866,41.238117999754849],[-74.861910999718233,41.238478999805096],[-74.861929999984824,41.238924999920592],[-74.861991999909094,41.239536999999586],[-74.862059999681151,41.240418999708112],[-74.862051000358633,41.241023000249953],[-74.861955999924078,41.241571000273282],[-74.861766999778183,41.242224000232291],[-74.861408999577904,41.243074999888407],[-74.861117000398167,41.243644999836064],[-74.860661000288601,41.244304999678782],[-74.859306000378638,41.245976999975859],[-74.858600999848719,41.246926999965901],[-74.858393000334587,41.247282999873981],[-74.858235999975733,41.247628000081875],[-74.858060000248642,41.247972999818906],[-74.85775599957671,41.248422000133395],[-74.857307000038134,41.248920999970608],[-74.856729999554744,41.249470999795079],[-74.856358000009081,41.249748999749954],[-74.855669000270993,41.250131000226752],[-74.854942999824658,41.250399999894206],[-74.854204999682779,41.250548000230616],[-74.853531000013305,41.250682999802471],[-74.852383999617516,41.250820999811921],[-74.850607999758083,41.251013000132922],[-74.850100999594886,41.251045999804148],[-74.849806999867013,41.251090000015203],[-74.849616999896213,41.251114000240626],[-74.849123000151806,41.251227000283102],[-74.84859800044525,41.251428000126538],[-74.848066000167705,41.251764000066565],[-74.847547000308921,41.252248000166666],[-74.847092999849153,41.252840999846867],[-74.846845000152044,41.253224000005787],[-74.846596999556624,41.253594000095219],[-74.846367000301171,41.253978000081894],[-74.846187000376105,41.254416000328945],[-74.846137000147394,41.254552999699918],[-74.845922000062245,41.255174999663609],[-74.845723999695522,41.255626000112116],[-74.84557200025786,41.25591600011829],[-74.845218000255528,41.25658099967243],[-74.845020999713725,41.257106999798886],[-74.844910000283974,41.257593999885827],[-74.844882999621476,41.258129999877518],[-74.845061999721608,41.258880999703543],[-74.845188000118313,41.259246999725327],[-74.845399000005514,41.259741000103816],[-74.845676999839839,41.260285000109981],[-74.846143999820086,41.261136000203187],[-74.84636200027829,41.261639999856058],[-74.846450999966748,41.262011000285128],[-74.84645500016471,41.262412999839761],[-74.846367000301171,41.262842999808981],[-74.846084000443938,41.263418999762749],[-74.8457639998785,41.263956999967569],[-74.845328999685307,41.264639999847958],[-74.844798999955884,41.265377000219601],[-74.844369999610493,41.265910999792141],[-74.844314000432291,41.265992999701375],[-74.843854999949684,41.266553000264409],[-74.843548999627927,41.267028000251003],[-74.842772000026287,41.268390000317005],[-74.842525999979003,41.268999000009352],[-74.842176999999552,41.269585999818794],[-74.841525999896291,41.270459000229863],[-74.841495999759061,41.270498999767149],[-74.841342999598183,41.270675999940551],[-74.840828999762294,41.271229000014934],[-74.840600000331747,41.271584999816199],[-74.840439999599852,41.27198400010078],[-74.840257000200083,41.272746000229198],[-74.840241000306534,41.272818999864107],[-74.840100999666149,41.273447999977066],[-74.839771999778179,41.274573000120014],[-74.839570999936726,41.275091000198046],[-74.839377999592884,41.27543600003785],[-74.839054999552701,41.275884000079053],[-74.838955999818481,41.276065999766026],[-74.838917000358734,41.276146999897541],[-74.838761999649719,41.276471999939538],[-74.838651000219969,41.276705000097529],[-74.838360999791732,41.277293999821815],[-74.837786999681384,41.278009000336056],[-74.837201999700369,41.278469999896615],[-74.837158000217769,41.278523000217319],[-74.836614000244637,41.278887999703109],[-74.836420999900781,41.279043000291452],[-74.836040999959181,41.279345999725059],[-74.835445000107526,41.279914000213815],[-74.834923999700607,41.28045600000511],[-74.834182000259091,41.281394999933646],[-74.833694000362456,41.281981999664595],[-74.833092999589596,41.282608999733561],[-74.832686999708756,41.283120999676719],[-74.832122999644113,41.283815000008474],[-74.831706999717525,41.284471000104041],[-74.8313250001261,41.285182999807589],[-74.830944000359594,41.285881999669705],[-74.830598999679779,41.286614999758854],[-74.830346999784695,41.287065000059634],[-74.830027000117568,41.287441000205021],[-74.829431000265913,41.288010000106794],[-74.828801000079054,41.288506999874492],[-74.828020000279452,41.289085000180101],[-74.827035000265383,41.289697999767156],[-74.826307999994143,41.290186000078677],[-74.826160999681036,41.290286999674784],[-74.825605999837279,41.290759000198761],[-74.824953000084193,41.291467999935307],[-74.824286999912317,41.292113999922712],[-74.824183999980164,41.29218799977415],[-74.823506999937649,41.292802000174127],[-74.822476999717722,41.293595000159073],[-74.821211000394541,41.294313000324948],[-74.820234999702976,41.294718000127496],[-74.819263000107668,41.295026999740529],[-74.818892000386924,41.295112000227029],[-74.818128000305762,41.295290000029482],[-74.816862999909176,41.295577000015022],[-74.816133999988125,41.295807999678821],[-74.815605999908527,41.296072999959677],[-74.814187000424468,41.296925000123117],[-74.812677999630424,41.297775000241806],[-74.812359999613108,41.297978999782842],[-74.812033000273289,41.298158000048844],[-74.811012000274189,41.299217000217304],[-74.810727999693725,41.299511999789452],[-74.809968999635458,41.300408000294695],[-74.808730999901371,41.301683000103559],[-74.808027000094668,41.302296000083061],[-74.807427999869958,41.302811999869505],[-74.806858999782492,41.303155000046267],[-74.805816000042071,41.30375900011137],[-74.805145999672249,41.304090000209705],[-74.803739999708682,41.304832999704274],[-74.802404999890214,41.305543999801124],[-74.801643000357203,41.305992999700031],[-74.801050999805184,41.306341999719201],[-74.800225999624658,41.306856999825428],[-74.800074000187024,41.306928999712724],[-74.798653000154829,41.307590999786434],[-74.798531999781005,41.307633000269767],[-74.796843999785125,41.308385000167043],[-74.795643999685879,41.308840000220208],[-74.795046000184385,41.309083999743081],[-74.794394000256233,41.309438000165166],[-74.79361299955832,41.309861000007459],[-74.792615999848692,41.310436000030876],[-74.792170999609752,41.310841000254037],[-74.791922000087709,41.311209999736391],[-74.791777000322753,41.311662999679136],[-74.791717999873228,41.312171999748379],[-74.791779999797498,41.312777999884638],[-74.791999000080608,41.313441999854689],[-74.792281000112908,41.313957999827373],[-74.792377000372383,41.314088000138796],[-74.793317000180636,41.315364000250163],[-74.794364999943923,41.316586000048964],[-74.794450000332731,41.316686000016674],[-74.794831000099236,41.317018999734067],[-74.795587999609396,41.317616000329465],[-74.795951999657447,41.317990000016373],[-74.796107000366476,41.318367999770679],[-74.796177999613278,41.318758999726541],[-74.796160999894823,41.31914800030205],[-74.796068999833324,41.319603000124282],[-74.795777999580181,41.32011899990141],[-74.795571999715861,41.320342000201286],[-74.795004000351597,41.320676999816691],[-74.794616999839008,41.320975000317141],[-74.793780999787813,41.321719000164713],[-74.793569999900626,41.321924000182484],[-74.793215999898308,41.322235999873712],[-74.792553999924394,41.322639999831935],[-74.792107999860576,41.322845000325692],[-74.791583999978911,41.323019000084166],[-74.790980999556254,41.323140000266527],[-74.78943900004856,41.323347000141176],[-74.788038000107861,41.323593000281136],[-74.786490999678975,41.323915999830767],[-74.785268999838408,41.32413899995575],[-74.784139000059369,41.324285000180836],[-74.782747000339498,41.324329000276911],[-74.78203299958875,41.324365000026788],[-74.780624000150439,41.324556999931062],[-74.779774999680484,41.324628999833642],[-74.778812000306004,41.324631000073403],[-74.777479000137376,41.324556000147375],[-74.776274000015263,41.324403999789631],[-74.775261000412058,41.324351000313818],[-74.774451000300161,41.324374999916344],[-74.774119999864041,41.324412000101368],[-74.773471000308945,41.324519999828375],[-74.772656999999072,41.324780999666551],[-74.771980999781476,41.325152999838899],[-74.771522000197152,41.325436000185235],[-74.77080999999454,41.32580700022681],[-74.770727000153869,41.32586200006952],[-74.770368000128656,41.326103999770474],[-74.77001999997411,41.326337000091222],[-74.769578999933159,41.326608000293419],[-74.769131000219502,41.326862000276108],[-74.768921000157206,41.326980999900805],[-74.768029000029543,41.327374000280564],[-74.767940000341085,41.327418000314573],[-74.767281999666821,41.327743999671512],[-74.766638999959497,41.328157000140031],[-74.766043000107842,41.328719000263916],[-74.765423999791636,41.329400999900074],[-74.764602999809071,41.330211999973017],[-74.763934000162479,41.330799000206362],[-74.763484999725591,41.331271000270675],[-74.76300799969961,41.331957000203737],[-74.762750999781673,41.332514999930801],[-74.762683999834522,41.333064000024038],[-74.76256599983374,41.33375300023976],[-74.762374000213129,41.33486699996989],[-74.762130999640561,41.335777000185686],[-74.761865000400093,41.336267000224488],[-74.761508999849625,41.337127000011115],[-74.761106000341812,41.338053999902549],[-74.760979999945121,41.338522999951685],[-74.761001999686428,41.338876000093727],[-74.76099199964068,41.338919999778597],[-74.760940999587064,41.339136000191871],[-74.760923000043704,41.339211000195888],[-74.760909999624914,41.339249999840128],[-74.760820999936456,41.339509999794139],[-74.760600999828441,41.339873999739638],[-74.760554999797691,41.339949999790193],[-74.760327000192035,41.340328000303913],[-74.759394999881394,41.341412000308232],[-74.759043000427212,41.341803999767407],[-74.75804400016942,41.342632000249303],[-74.757990999567667,41.342669000182333],[-74.757954999582651,41.342681000320127],[-74.757861999696217,41.342762000012236],[-74.757777000205735,41.34287099984693],[-74.757273000415566,41.343472000311849],[-74.75676600025237,41.344157999889767],[-74.756365000394382,41.344794999867347],[-74.756091999684585,41.345190000293357],[-74.755705000070279,41.345529000158557],[-74.755096999624755,41.34587200013172],[-74.754282000388272,41.346199999782471],[-74.753203999589459,41.346434999957637],[-74.752397999675509,41.346536000096577],[-74.751633999594361,41.346506999959203],[-74.750776999626794,41.346476000239925],[-74.749799000183714,41.346547000075532],[-74.749603000365127,41.346554000245121],[-74.748764999765811,41.346581000121411],[-74.747813000261999,41.346582999687172],[-74.747017000393797,41.346492000162165],[-74.745911000005876,41.346341999978236],[-74.744972999847448,41.346263999719078],[-74.743803999710337,41.346206999989363],[-74.743412999898098,41.346216999898225],[-74.74258299969469,41.34623799983671],[-74.741452999915651,41.346383000319086],[-74.74014099966341,41.346444999831483],[-74.740089999609793,41.346445999953659],[-74.737450999935021,41.346573999954728],[-74.736203999980106,41.346554999691229],[-74.735946000237234,41.346510999769642],[-74.734930000261002,41.346346999922524],[-74.732998999692569,41.346067999883168],[-74.730940999800836,41.345866000019896],[-74.729426999882236,41.345826000159612],[-74.728373000271176,41.345866000019896],[-74.727101000201912,41.346007000140759],[-74.725951000331378,41.346192000123168],[-74.724204999710864,41.346571000268455],[-74.722203999720548,41.347046999793612],[-74.720992999750649,41.347370999837523],[-74.720923000328753,41.347383999890958],[-74.720893000191523,41.347396999941814],[-74.720740999855565,41.347438000292719],[-74.71914800029424,41.347960000069108],[-74.717621999781741,41.348564999780173],[-74.71599800025831,41.349368000032356],[-74.71474999958015,41.349943000123176],[-74.713156000193933,41.35067600031816],[-74.712248999997627,41.351014999942976],[-74.711324000258003,41.351352999778804],[-74.710940000118441,41.351526000226812],[-74.710653000063274,41.351669000312441],[-74.710180000235269,41.351970000102831],[-74.709530999781833,41.352326000276399],[-74.708493000064308,41.352796000061971],[-74.707261000178008,41.353219999683091],[-74.706724999702473,41.353354999965653],[-74.705384000036219,41.353693999800669],[-74.704502999779208,41.353858000022072],[-74.702130000243201,41.35426600011256],[-74.700854999800896,41.354460000220456],[-74.700096999567521,41.354654999746188],[-74.699371000019525,41.354931000099278],[-74.698478000066942,41.355337000236197],[-74.698053999744403,41.355569999833762],[-74.697745999772835,41.355747999760212],[-74.69707100027847,41.356259999948769],[-74.696163000257258,41.356990999895331],[-74.695935999578225,41.357226000228202],[-74.695795999836136,41.357373999701075],[-74.695665000314889,41.357511999990692],[-74.695579999926068,41.357607000098184],[-74.695547000314107,41.357644000287095],[-74.695522000199745,41.357672000233812],[-74.695498999735221,41.357697000320549],[-74.695462999750205,41.357735999681509],[-74.695435999986032,41.357766000159558],[-74.695406999673722,41.357796999897246],[-74.695349999772304,41.35785500021516],[-74.695220000075963,41.357992000214409],[-74.694960999609862,41.358240000212859],[-74.69445400034499,41.35862400002091],[-74.693974999770873,41.358934000063918],[-74.693302999751239,41.359343999875648],[-74.692413000171697,41.359854000263262],[-74.691725000258529,41.360228000210078],[-74.691468000340578,41.360355000175502],[-74.691151999973073,41.360536000218197],[-74.690263000218451,41.361221000128481],[-74.689951999873827,41.36149300004476],[-74.689754000405429,41.361747000184486],[-74.689726999742931,41.361819000107417],[-74.68961600031318,41.362115000077523],[-74.689576999955094,41.362332000286813],[-74.689561000061573,41.362689000296335],[-74.68959600022167,41.363003000000298],[-74.689607000092337,41.363089999903615],[-74.689683000260331,41.36364600014992],[-74.689783999644348,41.364091000132973],[-74.68991300041408,41.364508000079226],[-74.689966000117536,41.364775999704385],[-74.689998999729497,41.365057999979754],[-74.690029999691632,41.365229000067899],[-74.690331999815442,41.366019999832709],[-74.690527999634,41.366350000078803],[-74.6906740001222,41.366555999682198],[-74.6909999996371,41.366970999723868],[-74.691378999753809,41.367422999837927],[-74.691804999726145,41.367862000176416],[-74.691998999894906,41.368033000311335],[-74.692449000156714,41.368433000235896],[-74.692976000411377,41.368923999703675],[-74.693231999606112,41.369225999695644],[-74.693496000095081,41.369563000252853],[-74.693798000218877,41.369864999975242],[-74.694103999642309,41.370104999804042],[-74.694712000087847,41.370457999951888],[-74.695466999948167,41.370846000135337],[-74.696431000045862,41.37133800000791],[-74.697143000248474,41.371729000211353],[-74.698319999883196,41.372390999887614],[-74.69985800009124,41.373161000206913],[-74.702234000000288,41.374570999769951],[-74.703013000150065,41.375047000141777],[-74.703772000208332,41.375557999816479],[-74.704924999553612,41.376401999686657],[-74.705901000245177,41.377059999711207],[-74.706639000387057,41.377598000241036],[-74.707306000383838,41.37809299985723],[-74.707995999946817,41.378679000240076],[-74.708474999622624,41.379196999720236],[-74.70890399996803,41.379776000300474],[-74.709252000122575,41.38031200005549],[-74.709596999904065,41.380924000184024],[-74.710111999564887,41.381871000259189],[-74.710567999674467,41.382879000317182],[-74.710858000102689,41.383522999719304],[-74.710969000430765,41.38371300000744],[-74.711106999624718,41.384098000006496],[-74.711608999765048,41.385497000259804],[-74.711778999644352,41.386088000239205],[-74.711904000216137,41.386596999751156],[-74.712018000018972,41.387218999715422],[-74.712155000286302,41.387899999775307],[-74.71230800044718,41.388340000235878],[-74.712520999984207,41.388759000049369],[-74.712850999697082,41.38928700014295],[-74.71331600002749,41.38993899977914],[-74.713702999641782,41.390397000072852],[-74.714323999607799,41.391072999990335],[-74.71517899992557,41.391922999923587],[-74.715838000424725,41.39257199981823],[-74.716358000108414,41.393020000302826],[-74.716934999693493,41.393428000139693],[-74.717379000107499,41.393699000110828],[-74.718089999586894,41.394041000212496],[-74.718804000337641,41.394325999821206],[-74.71947999965694,41.394528000227155],[-74.72012599973732,41.394657000061272],[-74.720936999674137,41.394761000326149],[-74.722120000054957,41.394858000060403],[-74.722217000139324,41.394866999854742],[-74.722775000356151,41.394920999942279],[-74.723360000337181,41.394951000121253],[-74.72490199984486,41.39496300005424],[-74.725783000101885,41.394972999884324],[-74.72666600000872,41.395017000062033],[-74.7275940001214,41.395096999941174],[-74.728123000025903,41.395146000273371],[-74.728614000295579,41.39522199980793],[-74.729027999674059,41.395331000067031],[-74.729493000004467,41.395514999966011],[-74.729622999700823,41.395567000106759],[-74.73106299999958,41.396060999705973],[-74.732180000258154,41.396520000022875],[-74.732746999797499,41.396743000163767],[-74.733324000280902,41.396962000134707],[-74.734007999996109,41.397187000139404],[-74.734571000235803,41.39740199991035],[-74.735158999691549,41.397728999953678],[-74.735659000182068,41.398060999713792],[-74.73600999981133,41.398329999913678],[-74.73602999990284,41.398355999873949],[-74.736320000331048,41.398674999888044],[-74.736812000425644,41.399318999836986],[-74.737057999574617,41.399656000126491],[-74.737433000391661,41.400211999817557],[-74.738188000251981,41.401220999836774],[-74.738545999553963,41.40174200016083],[-74.738898999731376,41.402368999773302],[-74.739168000243197,41.402797000170928],[-74.739545999636661,41.403298000199094],[-74.740047999776991,41.403920999971504],[-74.740779000246178,41.404859000202777],[-74.740896000422055,41.405010000154185],[-74.741218999563941,41.405425000091711],[-74.741382999595444,41.405689000029859],[-74.741498999946401,41.406021000226183],[-74.741570000091514,41.406289999819037],[-74.741616999947198,41.406416000267271],[-74.741627999817851,41.406448000278004],[-74.741709999833603,41.406686000116196],[-74.741763000435355,41.406953999784989],[-74.741775999955848,41.407269999784411],[-74.741756999689272,41.407893999729858],[-74.74173300029814,41.408209000027128],[-74.741729999925099,41.408469000063064],[-74.741734999947965,41.408777000055004],[-74.741678999871453,41.409141999832777],[-74.741600000228743,41.409507000254848],[-74.741431000174344,41.410116000322041],[-74.741242000028464,41.410777999975174],[-74.741068999776104,41.411277999975916],[-74.740958000346325,41.411521999759429],[-74.7409139999654,41.411625000190938],[-74.740723999994614,41.411892999698061],[-74.74044100013738,41.412160000334886],[-74.740026999860603,41.412442999748755],[-74.739440000229763,41.412855999818511],[-74.73929000044194,41.412947000177411],[-74.73895999983074,41.41315199995617],[-74.738676999973521,41.413425000080153],[-74.738466000086333,41.413756000058733],[-74.738180999680978,41.414267999780741],[-74.737865000211784,41.414856000335426],[-74.737670000218131,41.415250999882325],[-74.737521000255214,41.415647000127713],[-74.737358999873493,41.416104999809576],[-74.737251999743378,41.416417999926097],[-74.736962000213467,41.417209999940759],[-74.736602000363348,41.418182999680567],[-74.736209999827878,41.419016999788902],[-74.735853000350815,41.419694999782458],[-74.735680000098469,41.420012000120153],[-74.735435999700996,41.420466000029613],[-74.735199999699418,41.420935999936731],[-74.735017000299649,41.421403000206084],[-74.734863000313851,41.421904000238825],[-74.734743999589867,41.422469000195022],[-74.734664000122223,41.422993000087232],[-74.73463999983278,41.423500999951656],[-74.734611000418766,41.424127999738559],[-74.734618999916378,41.424563000126554],[-74.734656999551206,41.424957000324312],[-74.73472000019872,41.425393999711616],[-74.734808000062273,41.425915000179494],[-74.734946000154522,41.426367999666944],[-74.735131000102456,41.426799999838337],[-74.735415999609486,41.427317000244088],[-74.735520000264884,41.427466000084088],[-74.735896000008523,41.428032999897397],[-74.736624999929575,41.428964999669901],[-74.736818000273416,41.429229999781292],[-74.736936000274198,41.429433999834217],[-74.736982000304963,41.429513999772446],[-74.737203000237898,41.429765999910124],[-74.737562000263097,41.430069999886321],[-74.737922999938121,41.430339000246754],[-74.738349999735377,41.430588000022667],[-74.738456000040586,41.430642000059031],[-74.738732000225113,41.430780999970921],[-74.739071999983736,41.430895000030269],[-74.739487000085433,41.431003999716665],[-74.740000999921321,41.431071000248693],[-74.740746999560827,41.431147999689053],[-74.740882000178345,41.431150000023216],[-74.740933000231976,41.431160999839236],[-74.74099299960811,41.431150000023216],[-74.741456000288707,41.431154000017735],[-74.742150000049662,41.431074000079889],[-74.743099999903635,41.430896000201258],[-74.743808999733218,41.430685000155606],[-74.744776000203956,41.43037600014403],[-74.74650900040568,41.429704999840901],[-74.74861800035103,41.428861000265925],[-74.749478999618248,41.428490999792416],[-74.749608000387994,41.428441999684466],[-74.749964000040151,41.428298999982701],[-74.750327000263312,41.428152999999874],[-74.750426999822423,41.42810499985081],[-74.750680000440724,41.427985000333123],[-74.750935999635445,41.427857000199019],[-74.751374000201665,41.427521000245989],[-74.7517700000368,41.427192000150704],[-74.752236000192127,41.426796000249084],[-74.752524999897119,41.426528000265122],[-74.753393999560259,41.425767999974376],[-74.75418199993085,41.425140999857575],[-74.754470999635856,41.424952999947941],[-74.754606000253389,41.424882999720694],[-74.755396000273819,41.424473000146001],[-74.756347999777617,41.423993000163726],[-74.757350000408451,41.423618000171508],[-74.757731999999876,41.423509999820581],[-74.757926000168638,41.423436999874603],[-74.758587000317632,41.423286999930973],[-74.758764999694563,41.423272999936522],[-74.759064000343614,41.423220000122654],[-74.759833000447642,41.423157999675404],[-74.760845000225899,41.4231530002452],[-74.76155999990327,41.423183000188828],[-74.762400999977316,41.423328000282297],[-74.763150999814741,41.423514999896952],[-74.76370099963566,41.423613000103117],[-74.764925999849254,41.423945999911581],[-74.765135000086644,41.424005999725843],[-74.765936999802619,41.424252000068648],[-74.767875000043759,41.424929999968207],[-74.768264000206173,41.425104999931349],[-74.768704000422247,41.425343000121195],[-74.769103999557004,41.425579999859437],[-74.769815999759629,41.425864999899609],[-74.769892999752514,41.425893000114947],[-74.770502000022987,41.426109999690524],[-74.771206999654581,41.42624099995551],[-74.772051000101669,41.42632500007889],[-74.772707000227797,41.42634200013871],[-74.773561999647228,41.42625900027975],[-74.773990000167714,41.426167000141696],[-74.774348000368008,41.426054999680524],[-74.774835000439722,41.425861000252759],[-74.775248999818189,41.425748999937333],[-74.775786999943534,41.425680000145981],[-74.776649999758888,41.425549999676058],[-74.777068000233626,41.425486999852097],[-74.777773999690154,41.425299000270719],[-74.778817000328885,41.424905000127396],[-74.78004599984213,41.424349999836124],[-74.780619000127572,41.424071000191816],[-74.781254000337299,41.423745000298261],[-74.781813000379046,41.423382000294758],[-74.781946000448414,41.423290999736395],[-74.782336000435762,41.42302500001562],[-74.782713000004321,41.422849000214228],[-74.783157000418328,41.422717000218505],[-74.783852999829094,41.422565000033998],[-74.783874999570415,41.422559999884477],[-74.785962999599363,41.422059000197478],[-74.786200000324158,41.422000999873831],[-74.788285999804955,41.421490999768288],[-74.78874100008963,41.421409999731694],[-74.789096999741801,41.421409000088197],[-74.789516000041445,41.421501999873598],[-74.790168999794517,41.421591000289609],[-74.790848000385168,41.421679999909976],[-74.7914840004198,41.421830000197602],[-74.791927999935496,41.421995999680938],[-74.79258999990941,41.422167000267244],[-74.793114999615952,41.422355999788721],[-74.793436000006324,41.422507999788827],[-74.793564999877759,41.42257200010792],[-74.793856000130901,41.422671000014105],[-74.793934999773612,41.422701000180396],[-74.794230000224701,41.422851000130429],[-74.794544999868975,41.423102000241862],[-74.795091000390229,41.423713000051031],[-74.795108999933575,41.423735999788249],[-74.795712000356261,41.424521000285843],[-74.796227000017055,41.425223000213769],[-74.796723000309612,41.426049000227678],[-74.796924999975985,41.426413999946682],[-74.797468999949103,41.427694000194435],[-74.79775799965411,41.428246999768085],[-74.79816699990802,41.428894999726708],[-74.798777999828303,41.429887999876613],[-74.79925599967919,41.430806000243322],[-74.799698000443371,41.431917999845851],[-74.799986000323472,41.432844999715805],[-74.800095000103411,41.433430000052709],[-74.800167999898335,41.434235000232512],[-74.80019899986047,41.435665999911919],[-74.800253000287157,41.436273999753411],[-74.800418000143594,41.43686499996695],[-74.800650999772103,41.437457000256536],[-74.801131999996045,41.438302999978212],[-74.801403000157677,41.438670000269546],[-74.801679000342219,41.438914000177107],[-74.802326000247518,41.439434999895475],[-74.803209000154354,41.440177999994312],[-74.804430000170001,41.441299000087902],[-74.805158000266132,41.441853000267059],[-74.805272999893859,41.441912999693898],[-74.805583000413563,41.442045999718282],[-74.805655000383595,41.442101000322083],[-74.806030000302314,41.442275999790567],[-74.806632000001756,41.442518000298151],[-74.807483000121564,41.442766999819995],[-74.808196999973987,41.442910999959302],[-74.808242000179831,41.442919999831119],[-74.809426000385557,41.443063000320805],[-74.810599999647224,41.443114000131985],[-74.811505000193677,41.443054999779065],[-74.811723999578476,41.442998999999361],[-74.812487999659638,41.442802000065626],[-74.813628000382749,41.442398999807928],[-74.814406999634187,41.442110000306286],[-74.81580400027525,41.441511999990745],[-74.81616599977518,41.441362000056067],[-74.816995000153668,41.440988000064849],[-74.817129999872876,41.440920999667718],[-74.817995000236365,41.44050500022702],[-74.818329999972121,41.440309000155601],[-74.818882000341162,41.439940000314877],[-74.819655999569747,41.439316999853808],[-74.819818999776373,41.439182000210771],[-74.820956999951349,41.43822300009613],[-74.821946000163379,41.437523000120372],[-74.822583999847851,41.437014000117159],[-74.823173999851733,41.436360999951674],[-74.823582000280723,41.435804999841743],[-74.823910000343787,41.435205999916029],[-74.824460000164692,41.433933999928286],[-74.824876999916214,41.43317299998872],[-74.825272999751334,41.432701000140234],[-74.82536800018589,41.432589000174623],[-74.825942000296251,41.431986000262256],[-74.826340999606089,41.431646000162047],[-74.826857999815047,41.431392000260189],[-74.827343000236937,41.431260000120318],[-74.828202999679249,41.430972999849189],[-74.829256000363713,41.430690999853553],[-74.830024999569417,41.430562999666307],[-74.830330999891189,41.430512000094943],[-74.832032000305844,41.430391000132786],[-74.832770000447738,41.430399000215154],[-74.833870999914453,41.430560999987634],[-74.834845999882816,41.43077100026337],[-74.83521800032679,41.430889999848723],[-74.83539300022899,41.430952000321632],[-74.835568000131175,41.431002000051535],[-74.835856999836167,41.431095000241505],[-74.83687500036055,41.431583999678431],[-74.837477000059977,41.431896999950524],[-74.837795000077293,41.432110999881154],[-74.838070000436915,41.432350000131102],[-74.838900999566903,41.433065000040784],[-74.839638999708782,41.433691000284384],[-74.840801000173201,41.43451500009256],[-74.841432000184966,41.434899000091647],[-74.841689999927823,41.435023000055104],[-74.842115000075253,41.435224999879374],[-74.842997000157197,41.435678999830742],[-74.843594999658677,41.436084999663912],[-74.844193999883387,41.436582999975634],[-74.844583000045816,41.436866000045896],[-74.845335000431405,41.437407000110973],[-74.845753999832752,41.437663000180734],[-74.846071999850054,41.437886999918604],[-74.846609999975414,41.438405000307796],[-74.847065000260073,41.438941000104997],[-74.847430999957965,41.439310000238407],[-74.847868999625888,41.439619000148632],[-74.848549000041459,41.440006999704572],[-74.850103000143022,41.440908000125397],[-74.851063999867677,41.441441000100774],[-74.852480999701896,41.442323000240805],[-74.853040999568535,41.44267200021249],[-74.853909000305094,41.443146000243878],[-74.854393000003753,41.443333000014199],[-74.854972000136982,41.443522999848234],[-74.855430999721293,41.443679000019053],[-74.855742000065916,41.443748000208124],[-74.856080000174728,41.443799000154272],[-74.856558000025615,41.443871000128865],[-74.857137999983749,41.444039999727359],[-74.857652999644543,41.444156000001939],[-74.858128999845619,41.444219999855648],[-74.858810000086109,41.444288000178155],[-74.861000000222305,41.444436000158483],[-74.862236000306567,41.444457000037367],[-74.863141999779614,41.444386999965786],[-74.864109000250366,41.444174000072358],[-74.864520999979021,41.444071000088087],[-74.864866999585431,41.443951999752315],[-74.865871999690995,41.44372300020666],[-74.866191000431556,41.443621000154771],[-74.866468000440975,41.443583999726613],[-74.866875999971654,41.443482000129578],[-74.868081999918701,41.443106000269871],[-74.869617999578608,41.442712999769526],[-74.870148000206356,41.44248899985363],[-74.870862000058793,41.442106000313444],[-74.871407999681736,41.441831000216439],[-74.871991999837832,41.441651000195279],[-74.87250900004679,41.441534000149517],[-74.872572999620886,41.441511999990745],[-74.874132999570236,41.441148000321299],[-74.875921999848458,41.440614999959678],[-74.876562000081051,41.440393000258702],[-74.876721000089702,41.440338000227534],[-74.878302999780374,41.440000000163586],[-74.878433000375026,41.439976000096081],[-74.879087999777923,41.439852000167143],[-74.879388000251893,41.439796000317081],[-74.87972100033781,41.439755000263958],[-74.881606999802102,41.439473000034397],[-74.884177999704818,41.439186999753595],[-74.885717999562701,41.438988000276893],[-74.886339000427029,41.438870000095989],[-74.886988999807059,41.438711000334671],[-74.887651999605865,41.438478000260346],[-74.887675999895308,41.438472999989465],[-74.8881549995711,41.438319000212168],[-74.889009999888856,41.438165000069418],[-74.889599999892738,41.438127999897603],[-74.889984999857205,41.438170999749481],[-74.890174999828005,41.438178000161173],[-74.890898999726176,41.438334999768735],[-74.89170100034049,41.438466000283029],[-74.892625000255208,41.43861700022903],[-74.893913000218006,41.438930000260441],[-74.894092000318153,41.438994999927075],[-74.894307000403302,41.439036999832439],[-74.895128000385867,41.43933499991968],[-74.895411000243087,41.439522999935214],[-74.895659999765101,41.439687999940723],[-74.896026000361317,41.440067000164717],[-74.896222000179904,41.440406999928612],[-74.896267000385748,41.44048499976585],[-74.896427000219319,41.440911000175419],[-74.896472000425149,41.441425999971827],[-74.896438000089958,41.441908999688962],[-74.896397999906995,41.442116000295009],[-74.896398999731915,41.442179000143497],[-74.896357999724046,41.442348000108225],[-74.896315000066309,41.442439000217739],[-74.896272000408629,41.442563999908565],[-74.896119000247751,41.442929999687252],[-74.895940000147604,41.443594000153773],[-74.895607999886579,41.4446050003056],[-74.895407000045125,41.4451449998774],[-74.895135999883479,41.445693999829231],[-74.89485499967607,41.446190999868833],[-74.894844999630337,41.446202999764459],[-74.894196999900146,41.4469889998784],[-74.893400000207009,41.44774200013692],[-74.892712000293841,41.448252999972993],[-74.892581999699189,41.448355000150158],[-74.891610999928801,41.449022999881485],[-74.890852999695426,41.449477000268708],[-74.88993600035171,41.450091999798936],[-74.889721000266576,41.450287999947051],[-74.889703999649811,41.450298999886272],[-74.889293999570967,41.450779999812312],[-74.889156000377042,41.451072000004295],[-74.889137999935386,41.451143000129051],[-74.889097999752408,41.451430000087939],[-74.889149999630931,41.451790999762778],[-74.889250000088367,41.452648000006107],[-74.889334999578864,41.453034999928789],[-74.889351000370695,41.453136999993703],[-74.889583999999203,41.453735000223638],[-74.889674000410892,41.45392099995702],[-74.889830000046516,41.454391000041383],[-74.890026999689994,41.455197999695756],[-74.890168999980219,41.455558000154973],[-74.890307999897388,41.455808999702505],[-74.890523999807456,41.456033999871444],[-74.890815000060613,41.45625699969964],[-74.891199000200146,41.456543999923149],[-74.891545999631475,41.456737999882669],[-74.892308999887703,41.457117000159649],[-74.892939999899482,41.457400000220751],[-74.893960999898582,41.457826999743283],[-74.894767999637438,41.458145000120254],[-74.895390000326699,41.45831499998706],[-74.895982999805284,41.458432999814747],[-74.896304000195656,41.458517999763053],[-74.897295000057539,41.458667999756408],[-74.898691999800278,41.458812000285398],[-74.900106999984686,41.459058999737522],[-74.900551000398693,41.459170999800598],[-74.900917999921489,41.459243999953927],[-74.902477000045948,41.459570999697071],[-74.903169999981998,41.459691000060062],[-74.904038999645124,41.459846000004013],[-74.904124000033931,41.45986700028066],[-74.904707000365121,41.460019999686502],[-74.904872000221573,41.46004500014034],[-74.905305999691521,41.460197999799441],[-74.905868999931215,41.460457999699138],[-74.906142999567606,41.460596999707263],[-74.906552999646422,41.46087599988509],[-74.906852000295487,41.461223000284612],[-74.90705399996186,41.461619000179184],[-74.907197999901896,41.462064999708275],[-74.907316999727584,41.462479000223944],[-74.907454999819834,41.4627599997429],[-74.907566000147938,41.462949000226985],[-74.90769900021732,41.463270000085998],[-74.907939000416832,41.463849000135795],[-74.908103000448364,41.464640000115345],[-74.908120000166804,41.464732000245668],[-74.908119000341884,41.464792999704031],[-74.908131999862377,41.465441999933759],[-74.908132999687268,41.465475000114182],[-74.908162999824512,41.465669999919442],[-74.908131999862377,41.466015999942869],[-74.908103000448364,41.466503000199594],[-74.908013999861581,41.466795999907575],[-74.907981000249634,41.467011999761077],[-74.907963999632869,41.467404000200254],[-74.908018999884476,41.467722999665405],[-74.908125000189671,41.4679929997166],[-74.908141999908111,41.468034999698254],[-74.908316999810296,41.468410000204024],[-74.90850000010839,41.468918000018142],[-74.908618999934092,41.469333000110844],[-74.908695999926977,41.469756999753798],[-74.908736999934845,41.47006600004709],[-74.908750000353649,41.470406000105669],[-74.908758999676166,41.47081800008354],[-74.908786000338651,41.471137999801954],[-74.908902999616203,41.471592999752907],[-74.909112999678499,41.472259000045554],[-74.90918100034888,41.472436000012372],[-74.909330000311783,41.472776999955038],[-74.909424000023122,41.472980999750106],[-74.90954299984881,41.473234999745777],[-74.909880999957608,41.473644000034788],[-74.910209000020672,41.473961000069963],[-74.910607000403928,41.474258999931436],[-74.911034000201198,41.474516000145975],[-74.911092999752412,41.474547000076818],[-74.911421999640396,41.474710999681271],[-74.911620999832024,41.474850000096353],[-74.912004000146666,41.475167999779757],[-74.912466999928952,41.475549999825773],[-74.912532000226278,41.475613000184431],[-74.912749999786172,41.475824999670309],[-74.912781999573198,41.47585600032118],[-74.913035000191513,41.476017000206419],[-74.913693999792372,41.476279999702129],[-74.914056000190612,41.476377000183419],[-74.914604000361706,41.476481000163439],[-74.914625000278093,41.476486000197099],[-74.91672800037567,41.476987999863866],[-74.91740799989293,41.477097000196103],[-74.917966000109757,41.47717300007853],[-74.918484999968527,41.477185999757218],[-74.919322999669518,41.477113999743636],[-74.91939499963955,41.477106000036294],[-74.919618999945541,41.477096000064243],[-74.919864999992839,41.477084999958571],[-74.921029999931974,41.476993999991862],[-74.921629000156685,41.476921000303435],[-74.922835000103703,41.476931999763892],[-74.923365999658046,41.476995000125356],[-74.923550999605979,41.477016999692282],[-74.924092000104366,41.477138000205748],[-74.924985999881869,41.477447999767286],[-74.926048999713757,41.477928000136146],[-74.926835000434536,41.478326999970669],[-74.927832999969098,41.47895100011052],[-74.928287000428853,41.479268999863905],[-74.928320999865733,41.479345999988603],[-74.929213999818316,41.480062000324693],[-74.929890999860831,41.480542000177742],[-74.929988999770117,41.480609000032885],[-74.930119000364783,41.48067000003163],[-74.930197000182588,41.480734000200286],[-74.931034999883579,41.481324999874971],[-74.931788999918993,41.481803999735824],[-74.932311999975724,41.482145000195096],[-74.932584999787196,41.482323000136489],[-74.932764999712248,41.482444000165323],[-74.933124999562352,41.482576999864065],[-74.933652999641964,41.482703000318615],[-74.934282000003904,41.482809999700386],[-74.93451899983036,41.482841999745361],[-74.934651999899771,41.482871999689024],[-74.934731000440792,41.482880000030583],[-74.934820999954155,41.482907999872289],[-74.935260000345295,41.482987999834066],[-74.93696099986164,41.483214999987005],[-74.93795699974639,41.483300999786849],[-74.938956000004183,41.483295000242713],[-74.939129000256557,41.483300999786849],[-74.939817000169725,41.483326000012454],[-74.940470999747703,41.483383000006164],[-74.94137499957094,41.483507000173567],[-74.941845999749148,41.483571000232246],[-74.942869000296383,41.483646999925355],[-74.943414999919327,41.483681000290552],[-74.943937000151138,41.483642999802072],[-74.944390999712596,41.48358199990998],[-74.945040000166017,41.483452999717379],[-74.945651000086286,41.483261999711793],[-74.94604100007362,41.483086999776205],[-74.946311000410375,41.482876999902622],[-74.946543000213964,41.482584000194855],[-74.946748000253379,41.482270000091638],[-74.946990999927621,41.481832000042452],[-74.947067000095586,41.481731000081218],[-74.947217999708343,41.481445999748345],[-74.94723899962473,41.481415999817493],[-74.947548000319543,41.481065000200388],[-74.947785000145998,41.480851000208453],[-74.948079999698791,41.480624999927763],[-74.948991999917951,41.480178000115821],[-74.949880999672558,41.479819999894829],[-74.94996500023646,41.479785000105508],[-74.950888000326273,41.479405999733906],[-74.951388999743386,41.479136000106095],[-74.9517629998372,41.478966000311715],[-74.953686000009725,41.477992999765554],[-74.953988999958412,41.477789000264586],[-74.955374999830511,41.477176999928133],[-74.955681999977173,41.477093999800417],[-74.956051000048106,41.476961000290409],[-74.956702000151367,41.476771000132381],[-74.957432999722243,41.476644000120025],[-74.958230000313677,41.476581000090441],[-74.958980999976021,41.476600000052386],[-74.959800000308775,41.476660999786326],[-74.960374000419122,41.476694999778637],[-74.963192000194041,41.476722000135894],[-74.965101999947763,41.476851000266805],[-74.965944999671635,41.476931999763892],[-74.966273999559618,41.476964000019258],[-74.966984000112419,41.477037000332309],[-74.967923999920643,41.47721600030016],[-74.968811000025454,41.477495999762262],[-74.969366999694159,41.477622000000494],[-74.97086200024448,41.477863999888541],[-74.971990000373722,41.478066000265692],[-74.972802999960351,41.478240000185785],[-74.974967999982212,41.478837999784311],[-74.97587600000341,41.479045000327055],[-74.976512999862948,41.479172999772608],[-74.977344999716166,41.479245000190929],[-74.97778199955917,41.4792660002418],[-74.978317000209785,41.479315000333976],[-74.978969999962857,41.4794020000218],[-74.979807999663848,41.479591999870017],[-74.98054099978286,41.479733000095116],[-74.981325999780424,41.479867000062924],[-74.981803999631296,41.47994899991663],[-74.98211499997592,41.48003899968586],[-74.982475999650944,41.480252999667194],[-74.982821000330759,41.480508000184564],[-74.982879999881987,41.480573999996665],[-74.983201000272359,41.480907999687254],[-74.983513000441889,41.481285999956626],[-74.983785000428455,41.481643000093314],[-74.98406900011058,41.482061000317579],[-74.984326000028531,41.482437999868893],[-74.984444999854219,41.48258700033638],[-74.984469999968567,41.482618999818484],[-74.984716000015865,41.482931000165834],[-74.984855999757954,41.483190999756445],[-74.984974999583628,41.483595000322047],[-74.985002000246141,41.483679000229969],[-74.985003999895966,41.483703000279775],[-74.985064000170411,41.483910000088208],[-74.985095999957466,41.48396900029288],[-74.985396000431436,41.484645000092804],[-74.985547000044178,41.485265999946606],[-74.985644999953465,41.485864999984514],[-74.98566500004496,41.486358999768868],[-74.985629000059944,41.48688299992989],[-74.985555000440101,41.487230999734372],[-74.985492999617506,41.487518000137172],[-74.985378999814685,41.488335000271427],[-74.985320000263442,41.489128000146515],[-74.985174999600176,41.489872000261499],[-74.984978999781603,41.490632999945532],[-74.984804999704338,41.491158999686512],[-74.984500000105811,41.491823000307015],[-74.984013999859002,41.492898999751723],[-74.983635999567227,41.493798999683079],[-74.983134000325208,41.494931000017544],[-74.982816000307892,41.495605000134589],[-74.98266800016988,41.496130999873614],[-74.982585000329209,41.496610999781119],[-74.982464999780291,41.497659000247594],[-74.982269999786624,41.498685000299815],[-74.982270999611529,41.498940000267723],[-74.982335999908855,41.499188000022826],[-74.98238000028978,41.499653000031493],[-74.982433999818156,41.500081000248713],[-74.982557999666724,41.501076000272164],[-74.982608999720327,41.501381999984055],[-74.982675999667478,41.501591999754325],[-74.982816000307892,41.501829000176528],[-74.98299799988277,41.502268999753184],[-74.983166000112263,41.502764999727951],[-74.983258999998668,41.503250000239795],[-74.983391000243159,41.504113999821236],[-74.983457000365391,41.504611000171593],[-74.983638999940254,41.505255000134461],[-74.983734000374838,41.505463000066001],[-74.983950000284892,41.505943999787277],[-74.984239999814804,41.506508999877987],[-74.984609999710642,41.50699999996889],[-74.98503099966014,41.507464000055279],[-74.98544300028712,41.507834000159448],[-74.985906999894283,41.508156999701662],[-74.986424000103241,41.50844400022342],[-74.986968999901265,41.508665000091],[-74.987491000133076,41.508818999665337],[-74.988004000144073,41.508878999697387],[-74.988695000430297,41.508923999684939],[-74.989816999813414,41.508893999696717],[-74.990985000125605,41.508960000190605],[-74.99195099987314,41.509020999731078],[-74.992909999947969,41.508986999884016],[-74.99379500040294,41.50888599987691],[-74.994936999877538,41.508686000023978],[-74.996307999681008,41.50840600013364],[-74.998512999885847,41.507769000194216],[-74.999329999670437,41.507523000335418],[-74.999825000138088,41.507412000060249],[-74.999880000389652,41.507406999722178],[-75.000255000308385,41.507374999702044],[-75.000733000159286,41.507386000047077],[-75.000991999727034,41.507434999726875],[-75.001303999896592,41.507494000033397],[-75.001540999723048,41.507551999951716],[-75.001904999771114,41.507641999722068],[-75.002205000245084,41.507700999839955],[-75.002555000049441,41.507771000183794],[-75.003041000296264,41.507885999815535],[-75.003324000153484,41.508035000280557],[-75.003577999698379,41.508277000264478],[-75.003682000353763,41.508507000216902],[-75.003892000416059,41.50978899986881],[-75.003903000286712,41.510111000125626],[-75.003868000126616,41.51034700001955],[-75.003776000065116,41.510751000075771],[-75.003731999684163,41.511188000076949],[-75.003714999965737,41.511582000235343],[-75.003668000110068,41.511808000152179],[-75.003489999834841,41.512129000192864],[-75.003238999764662,41.512715999675159],[-75.00303100025053,41.513173999687133],[-75.002903000204,41.513531000335043],[-75.002709999860159,41.514217000010106],[-75.002620000346795,41.514491999864212],[-75.002591999859376,41.514559999811866],[-75.002520999714264,41.514676999940377],[-75.002407999736363,41.51486299970928],[-75.002294999758448,41.515049000289011],[-75.002283999887808,41.515065999968165],[-75.001857000090538,41.515918000168277],[-75.001272000109537,41.516963999891118],[-75.000955999742047,41.517593000067649],[-75.000942000396634,41.517636999872643],[-75.000826999870611,41.518022000253261],[-75.000749000052792,41.518597000156085],[-75.000791999710515,41.519062000008461],[-75.000929999802764,41.519679999701133],[-75.001132000367463,41.520251999928078],[-75.001238999599266,41.520446000227977],[-75.001297000223886,41.520649999922959],[-75.001422999722266,41.520819999962178],[-75.001479999623683,41.520895999669108],[-75.001535999700167,41.520970999832244],[-75.002159000214334,41.521807999951605],[-75.00235000001004,41.522075999738661],[-75.002741999647199,41.522694000241891],[-75.003212000000474,41.523480999906795],[-75.00359600014005,41.523924999948512],[-75.004142999587913,41.524402000070467],[-75.004596000222747,41.524686999717233],[-75.005089000142263,41.524944999702434],[-75.005398999763642,41.525183000111262],[-75.006553999657044,41.526277000229861],[-75.007039000078933,41.526735999816317],[-75.007171000323424,41.526826999851558],[-75.007516000104928,41.527121999898732],[-75.008017000420338,41.527474000144224],[-75.008691999914717,41.527886999738712],[-75.008825999809034,41.527961999869092],[-75.009394000071595,41.528282999821343],[-75.010092000030511,41.528743999985593],[-75.010245000191389,41.528834999886534],[-75.01029299987195,41.528861000026872],[-75.010856000111659,41.529165000219876],[-75.011138999968878,41.529318000115104],[-75.012349999938792,41.529857000225647],[-75.013325999732047,41.530286999790988],[-75.014052000178367,41.530691999770532],[-75.014899000100186,41.531232999802583],[-75.015898000357979,41.531728999776981],[-75.016428000087402,41.531987999881814],[-75.016658000241179,41.532117000240362],[-75.016797000158348,41.532195000035252],[-75.017095999909088,41.53227800017067],[-75.017397000207978,41.532313999791164],[-75.017976000341193,41.532339999878197],[-75.01829900038139,41.532350000064106],[-75.019455999924617,41.532457000140603],[-75.020357000273123,41.53259199992182],[-75.020507000060945,41.532621999685489],[-75.021220000088476,41.532765000026529],[-75.021875000389684,41.532858000210368],[-75.022005999910945,41.532876999804827],[-75.02269899984698,41.533002999912043],[-75.02321699988083,41.53317099989733],[-75.023709999800332,41.533427999739068],[-75.024087000267215,41.533740000100458],[-75.02433699961415,41.534095999674634],[-75.024543000376781,41.534592999803763],[-75.024577999638566,41.534749000052685],[-75.024637999913011,41.535010999899974],[-75.02469900001239,41.5356660002547],[-75.024748000416196,41.536290999962787],[-75.024873000089656,41.53692800026748],[-75.024979000394879,41.537546000115434],[-75.024996999938224,41.537593000084193],[-75.025023999702398,41.537928999981929],[-75.025017999854626,41.537963000090478],[-75.025002999785997,41.538331000279648],[-75.024948000432715,41.538751999981834],[-75.0249180002955,41.539180999743564],[-75.024915999747378,41.53920900012276],[-75.024914999922458,41.539227999868906],[-75.024912000447728,41.539586999685348],[-75.024851000348363,41.539841000078539],[-75.02469999983731,41.540131000123047],[-75.024451000315267,41.540371000127053],[-75.024086000442281,41.540664999775402],[-75.023373000414765,41.541139999886703],[-75.02285600020582,41.541459000045691],[-75.022226000018975,41.54175600021658],[-75.021663999604172,41.54194200014517],[-75.020953000124791,41.542081000176275],[-75.019975999608292,41.5422469998461],[-75.019774999766838,41.542270999706396],[-75.018317999749641,41.54244400014484],[-75.017900000173213,41.542500000082626],[-75.017502999614877,41.542642000307893],[-75.017013000068403,41.542913999679257],[-75.016465999722243,41.54334600008648],[-75.016197999933652,41.543737000112962],[-75.015976000175783,41.544205000126176],[-75.015884000114298,41.544608999930396],[-75.015858999999907,41.545195000189494],[-75.016007000137932,41.546164000019147],[-75.016127999613431,41.546591999958338],[-75.01648900018678,41.547282000313047],[-75.016935000250626,41.548059000263137],[-75.017295999925651,41.54876800005669],[-75.017573999759989,41.549341999974352],[-75.0178139999595,41.54991499982188],[-75.018326999970469,41.551497999791714],[-75.0185679999949,41.552061999845918],[-75.01880399999645,41.552436000331817],[-75.019163999846555,41.552861000182453],[-75.019604999887534,41.553458000175688],[-75.020168000127242,41.554161999827954],[-75.020681999963131,41.554808000016088],[-75.021018000422117,41.555193999958625],[-75.021321000370804,41.55550400031931],[-75.021904999628603,41.555991000053986],[-75.022380000004745,41.556380999989386],[-75.022607999610386,41.556642000007194],[-75.022893999840633,41.557035999670489],[-75.023450000407649,41.557911000279162],[-75.024550000049473,41.559230999696588],[-75.024740999845179,41.559511000140112],[-75.026448999932541,41.562004000210592],[-75.027342999710044,41.563541000109325],[-75.027347999732925,41.563556999676372],[-75.02758399973446,41.56386399984342],[-75.028054999912669,41.56433900023584],[-75.028434999854255,41.564603000079032],[-75.028820999643614,41.564717000075085],[-75.029200999585228,41.564783000086976],[-75.029865000107279,41.564830999869955],[-75.030333999737323,41.564821000002148],[-75.030881000083511,41.564790000267557],[-75.03100199955901,41.564783000086976],[-75.031455000193858,41.56480500007595],[-75.032003000364938,41.564912999668827],[-75.032708999821452,41.564993999917114],[-75.032995000051727,41.56504200021547],[-75.033188000395569,41.565069000031563],[-75.033591999728301,41.565238000167568],[-75.035062000164288,41.566039999909151],[-75.035436000258102,41.566250000240004],[-75.037016000298948,41.567139999698995],[-75.03747900008122,41.567429000206943],[-75.037792000075669,41.567598000218901],[-75.039209999734794,41.568568000335169],[-75.039820999655078,41.56910200033478],[-75.040490000199995,41.569687999674926],[-75.041696000147013,41.571452000189559],[-75.042056999822051,41.572060999934664],[-75.042364999793605,41.572503999809079],[-75.042753999956048,41.573025000279337],[-75.043307999974914,41.573698000323006],[-75.043641999885736,41.574185000040892],[-75.04367200002298,41.574244999936987],[-75.043903999826583,41.574701999847981],[-75.044060000360489,41.575375999849271],[-75.044215999996112,41.576180999913802],[-75.044246999958247,41.576338999834633],[-75.044473999738969,41.577367000241907],[-75.044693000022079,41.578233999734451],[-75.044914999779934,41.57902700030504],[-75.045143000283872,41.579671999991923],[-75.045363000391902,41.580177000282411],[-75.045570000081128,41.580671999881488],[-75.045756999678886,41.581282999783994],[-75.046093999962793,41.582047000063447],[-75.046139999993542,41.582134999976006],[-75.04617799962837,41.582233000302452],[-75.046403999584172,41.582630999866751],[-75.046482000300301,41.582768999909426],[-75.046825000431966,41.583225000144083],[-75.047109000114105,41.583533000077821],[-75.047246000381463,41.583681999675605],[-75.047778999585617,41.584142000142762],[-75.049059000050804,41.585086999877383],[-75.05002599962323,41.585728000318007],[-75.050715000259629,41.586211999989672],[-75.051609000037118,41.586981999747103],[-75.05227799968371,41.587475999818587],[-75.052933999809838,41.587893999976096],[-75.05346000023961,41.588159000067812],[-75.053913999801068,41.588356999941091],[-75.054307000161444,41.588507000255163],[-75.054691000300991,41.588581999945568],[-75.055075000440553,41.588666000006029],[-75.055483999796152,41.58874100018361],[-75.056269999618621,41.588988000009138],[-75.057299999838548,41.589413999723725],[-75.058006000193373,41.589778000328167],[-75.058253999890496,41.589905999860989],[-75.058501999587619,41.590033999811894],[-75.05860100022015,41.590085000178306],[-75.060012000206584,41.590812999830213],[-75.060331999873725,41.591117000318931],[-75.060540000286167,41.591314999854077],[-75.060618999928906,41.59139000031341],[-75.060813000097653,41.591666999991595],[-75.060963999710381,41.591961999821407],[-75.060996000395761,41.592017000152978],[-75.06116899974981,41.592300999714674],[-75.061352999872824,41.592558999998154],[-75.061654999996605,41.592833999987811],[-75.061957999945321,41.593067000000318],[-75.062219999886153,41.59326100020521],[-75.062460999910556,41.593491999993518],[-75.062717999828493,41.59379900032031],[-75.063210999748009,41.594454999897756],[-75.063711000238513,41.59512500003148],[-75.063917000102848,41.595401999805432],[-75.065039000384289,41.596800000169196],[-75.065302999974932,41.59713799988937],[-75.065447999739888,41.597354000274116],[-75.065594000228074,41.597569000321734],[-75.065663999649956,41.597672000140797],[-75.065734999795069,41.597776000078305],[-75.066954999985796,41.599428000071377],[-75.067124000040195,41.599588000047994],[-75.067216999926615,41.599699000012905],[-75.067714000044077,41.600248999781734],[-75.068863000089692,41.601282000213061],[-75.069386999971343,41.601715000283718],[-75.069559000398783,41.601873999744768],[-75.069698000315967,41.602002000145824],[-75.070106999671566,41.602296000221116],[-75.070906999737716,41.602913999768411],[-75.071705999978974,41.60350599977756],[-75.072419999831425,41.604062999968171],[-75.073143999729595,41.604663999753015],[-75.07380499987859,41.605288999952045],[-75.074353999874589,41.605910999672176],[-75.07457700035566,41.60626300013984],[-75.074677999739691,41.606526999901973],[-75.074736000364311,41.606789000312773],[-75.074762000303593,41.606903999875094],[-75.074809000159249,41.607290000207321],[-75.074777000372208,41.60755499992846],[-75.074675000264946,41.607811000103112],[-75.074631999708927,41.607876999736803],[-75.074604999944768,41.607920999902895],[-75.074475000248427,41.608124999670146],[-75.074076999865142,41.608377999914381],[-75.0740240001617,41.60840400030272],[-75.073681999854941,41.608576000231132],[-75.073121999988302,41.608815999942841],[-75.072345000386662,41.609171999762701],[-75.07163300018405,41.609474000220537],[-75.071244000021622,41.609620000095063],[-75.07098799992859,41.609717000243059],[-75.070796000307951,41.609788999850075],[-75.069720999882193,41.610114000201236],[-75.069078999999761,41.610229999971367],[-75.068627999913048,41.610256999702671],[-75.068230000428116,41.610219999744643],[-75.067795000234938,41.610143000163326],[-75.06762899965527,41.610124999864141],[-75.06754900018764,41.61011599971264],[-75.067026999955829,41.610022999864945],[-75.06638099987542,41.609913999713925],[-75.065774999978032,41.609778000129872],[-75.064677999810939,41.609424999930951],[-75.064245000165911,41.609311999696985],[-75.063697999819723,41.6092710001219],[-75.063285000266177,41.609288999987704],[-75.062932999913656,41.609337000277016],[-75.062516000162162,41.609459000039891],[-75.061932000006053,41.609670000335001],[-75.061753999730826,41.609729000071212],[-75.061045999726147,41.609968000101368],[-75.060515000171819,41.610115000292751],[-75.060059000062253,41.610254000106245],[-75.059727999626119,41.610415000192305],[-75.059531999807561,41.610626000047183],[-75.059484000126986,41.610868999760221],[-75.05951000006624,41.611141000086363],[-75.059597999929792,41.611443000057946],[-75.059679000120653,41.611595999986598],[-75.059705000059907,41.611696000051133],[-75.05993699986351,41.612259999795967],[-75.059950000282313,41.612276000054969],[-75.060033000122971,41.612378999906397],[-75.060212000223117,41.612600999965878],[-75.060591000339812,41.61309700017005],[-75.061102999627565,41.614009000124526],[-75.061420999644881,41.614765999804561],[-75.061500000185916,41.61511300024322],[-75.061536999995838,41.615274000290775],[-75.061564999584931,41.615800000197829],[-75.061562999935106,41.616155999756423],[-75.061486999767126,41.616482000258387],[-75.061328999583367,41.616684999827029],[-75.060904000334247,41.616975000213195],[-75.0603799995543,41.617271999831402],[-75.059730999999189,41.61755599973602],[-75.058909000191704,41.6178000001782],[-75.058000000345601,41.618031000103912],[-75.056840000429332,41.618284999741668],[-75.055820000255125,41.618485999755968],[-75.05457900014801,41.618579000162043],[-75.053641999814502,41.618566999965502],[-75.053020000023565,41.618514999983638],[-75.052784999846935,41.61845800014904],[-75.052697999808288,41.618429999858343],[-75.052475000225513,41.618357999822642],[-75.052048000428258,41.618154000180347],[-75.051619999907771,41.617900000026658],[-75.051012000360558,41.617540000115163],[-75.049809999713162,41.61669599971264],[-75.049017000218015,41.616246000174996],[-75.048381000183369,41.615921999826405],[-75.04786399997441,41.615740999969837],[-75.047279999818315,41.615649000178301],[-75.046745000066025,41.615621000011274],[-75.046191000047173,41.615701999789529],[-75.045772999572421,41.615851999682377],[-75.045323000208924,41.616149999768787],[-75.044853999680569,41.616616999821041],[-75.044468999716088,41.617169999716467],[-75.044273999722435,41.617644000266161],[-75.044180999836016,41.618062999769634],[-75.044149999873866,41.618521999712442],[-75.044186999683788,41.619113000266019],[-75.044281000293438,41.619564999836463],[-75.044375999829683,41.619969999806379],[-75.044412999639604,41.620183999774873],[-75.044420000210607,41.620224999800719],[-75.044442999776834,41.62027300001084],[-75.044493999830451,41.620511999923508],[-75.044477000112011,41.620748999768672],[-75.044340999669586,41.621314000184647],[-75.044245000308436,41.621635999809321],[-75.044154000071813,41.621899999782727],[-75.043993000413352,41.622185000028907],[-75.043738999970131,41.622617000262338],[-75.043635000213072,41.622827999821737],[-75.04361000009871,41.623107999873739],[-75.043596999679906,41.623246000003647],[-75.04361000009871,41.623322000172919],[-75.043730999574208,41.623697000271093],[-75.043883999735087,41.624121000109838],[-75.044056000162527,41.62446600016866],[-75.044102000193291,41.624554999866774],[-75.044352000438536,41.624877000094891],[-75.044638999595406,41.62510099983065],[-75.044942000442433,41.625338000268648],[-75.045273999805133,41.625699999995604],[-75.045447000057493,41.626055999967093],[-75.045725999716751,41.626888999920929],[-75.045986999832664,41.62745900004029],[-75.046202999742732,41.627988999870773],[-75.04657299963857,41.62869100005129],[-75.047244999658233,41.629953000259476],[-75.047654999737063,41.630751000167805],[-75.048074000036706,41.63164100020628],[-75.048329000304847,41.632124999989301],[-75.048488000313498,41.632494000105559],[-75.048617000184919,41.633012999712953],[-75.048700000025605,41.633708000146974],[-75.048794999561835,41.63473199983946],[-75.048854999836308,41.635370000210891],[-75.04884499979056,41.63591399983715],[-75.048852000361549,41.636644999783591],[-75.04880999963045,41.637664999811442],[-75.048833000094987,41.638312999918689],[-75.048867000430178,41.638978999859802],[-75.048937999676966,41.639384000069448],[-75.049043999982189,41.639777999773763],[-75.049120000150154,41.640002999727265],[-75.04920200016592,41.640242999975499],[-75.049391000311815,41.640808999695416],[-75.049471999604364,41.641242000283349],[-75.049496999718713,41.641561999857508],[-75.049455999710815,41.641945000067778],[-75.049348999580715,41.642401999990248],[-75.049187999922225,41.642979000316139],[-75.049131999845727,41.643107999956882],[-75.048900999867058,41.643647000184203],[-75.048652000345029,41.644182999898341],[-75.048459999826093,41.644535999818558],[-75.048301999642334,41.644720000078976],[-75.048053999945239,41.644976999964541],[-75.04786700034748,41.645271999721395],[-75.047725999882175,41.645662000171292],[-75.047708000338801,41.645851000273304],[-75.047711999638466,41.645928000180795],[-75.047973999579298,41.646430000321011],[-75.048232000220452,41.64669599984488],[-75.048459999826093,41.64692600009738],[-75.048660999667547,41.647211999984002],[-75.048751999904141,41.647422000082855],[-75.048797000109971,41.647533999810953],[-75.048894000194366,41.647910999712501],[-75.049070999746377,41.649349000055402],[-75.049130000195916,41.649692999866552],[-75.049192000120186,41.650054999752584],[-75.049233999952975,41.650534000189189],[-75.049213000036588,41.651029999917377],[-75.049137999693528,41.65162799998447],[-75.049032000286601,41.652685000238755],[-75.048941999874927,41.653937999729344],[-75.048922999608351,41.65528799973692],[-75.048906999714831,41.656145000283409],[-75.048900000042138,41.656430000139238],[-75.048869999904923,41.656860999703753],[-75.04883899994276,41.65729099970887],[-75.048879999950657,41.657808000243804],[-75.049060999700629,41.658561999737053],[-75.049238000150936,41.659399999707638],[-75.049464000106752,41.660277000267158],[-75.049673000344129,41.66097499986077],[-75.049926999889024,41.661759000055433],[-75.050207000271513,41.662533999883642],[-75.050471999687062,41.663093000153054],[-75.050799999750126,41.663616000012397],[-75.051240999791091,41.664133000101948],[-75.051912999810725,41.664794999910036],[-75.052635000059098,41.665478000291714],[-75.052967000320123,41.665898000157505],[-75.053177000382391,41.666258999670958],[-75.053385999721456,41.666657000318615],[-75.053545999555027,41.667016999722748],[-75.053690000393388,41.667450999855006],[-75.053825999937501,41.667792000015517],[-75.053995999816806,41.668073999736258],[-75.054194000183543,41.66826899967743],[-75.054393000375171,41.668428999979533],[-75.0547399998065,41.668630999843344],[-75.05478599983725,41.668637000314597],[-75.055113000075394,41.668712000118944],[-75.05547499957531,41.668730000166327],[-75.055529000001997,41.668727999788544],[-75.055975999890748,41.668704999800909],[-75.056715999682453,41.668647000204075],[-75.057001999912728,41.668671999921017],[-75.057237999914278,41.668714999679814],[-75.057533000365368,41.668844000126015],[-75.0577619997959,41.669028000070703],[-75.05810999995046,41.669391999681153],[-75.058273000157087,41.669556999750242],[-75.058448000059272,41.669685999851318],[-75.058516999656248,41.66981399985734],[-75.058828999825764,41.670129999768122],[-75.059041000436196,41.670445000314054],[-75.059176999980309,41.670785000228051],[-75.05928999995821,41.671184000222979],[-75.059414999631699,41.671680999759701],[-75.059515999914012,41.672255000129525],[-75.059571000165619,41.672743999779541],[-75.059555000272084,41.673109000306582],[-75.059424999677432,41.673537000286473],[-75.059144000368363,41.673989999769027],[-75.058783999619919,41.674505999992505],[-75.058417999922042,41.674900000277724],[-75.057980000254133,41.675208999765871],[-75.057377999656353,41.675541999768392],[-75.056534999932481,41.675971999826189],[-75.055554000116359,41.676526000165836],[-75.05443500020796,41.677262999928303],[-75.053980999748219,41.677562000304022],[-75.053969000052632,41.677569000329854],[-75.053944999763203,41.67758499981089],[-75.053875000341307,41.677631000141851],[-75.053707999936734,41.677741000245746],[-75.053411999660725,41.677935999754297],[-75.05333399984292,41.677986999724418],[-75.052794000067749,41.678433000161661],[-75.05210399960643,41.679081999831823],[-75.051542000089967,41.679658999674565],[-75.051281999798974,41.679981000316758],[-75.051251999661744,41.680017999820642],[-75.051111000094764,41.680389999742985],[-75.051056999668077,41.680800999926973],[-75.051071999736692,41.681373999818298],[-75.051121000140498,41.68195499984234],[-75.051228000270612,41.6823790001297],[-75.051250000011919,41.682463999779927],[-75.051372000210662,41.682822999708158],[-75.051650999869921,41.683344999999655],[-75.051951000343891,41.683932999674923],[-75.052154999660075,41.684443999956507],[-75.052295000300461,41.684990999931713],[-75.052362000247612,41.685470999729077],[-75.052395999684492,41.685864999972665],[-75.052400999707359,41.686261000319959],[-75.052403000255509,41.686877000264289],[-75.052479000423489,41.687450999950656],[-75.052626999663175,41.688110000124418],[-75.05281599980907,41.688677000055776],[-75.053045000137928,41.689188999761868],[-75.053363999980149,41.689733999920406],[-75.053408000361088,41.689794999889628],[-75.053462999714341,41.689910999825472],[-75.053637999616541,41.690279000157517],[-75.053814000241942,41.690646000213128],[-75.053860000272692,41.690741999668354],[-75.053906000303456,41.690838000321925],[-75.053938000090511,41.690905000322815],[-75.054114999642522,41.691207999725883],[-75.054415999941384,41.691721000250091],[-75.054716000415354,41.692234000037153],[-75.05492700030257,41.692595000093178],[-75.055138000189743,41.692956000135524],[-75.055267999886084,41.693178999844342],[-75.055626000086392,41.69386999995838],[-75.056031999967232,41.694629000297162],[-75.056395000190406,41.695208999911571],[-75.0566760003978,41.695585000304362],[-75.056740999796816,41.695696000005462],[-75.05704000044588,41.696086000282378],[-75.057360999937927,41.696628000090612],[-75.05776299962082,41.697199999805328],[-75.058191000141321,41.697734999772486],[-75.058439999663335,41.698058999968424],[-75.058723000418865,41.698468999905373],[-75.058914000214571,41.698698000302997],[-75.059214999615151,41.698971000276778],[-75.059315999897493,41.699047999715873],[-75.059522999586733,41.699317000020521],[-75.059541000028403,41.699373000052169],[-75.059715000105669,41.699686000241222],[-75.05993600003859,41.69997800011123],[-75.060334000421861,41.700333000101381],[-75.061581000376762,41.701327999860304],[-75.062718999653427,41.702226000037278],[-75.063729999606778,41.702958999891457],[-75.065119999676824,41.703804999859926],[-75.06551600041027,41.704046999715651],[-75.066293000011882,41.704573999991347],[-75.066689999671922,41.70481099981825],[-75.066816999893533,41.704917999844405],[-75.067067999963697,41.705145000162659],[-75.067278999850885,41.705395999930218],[-75.0673919998288,41.705561000237601],[-75.06754900018764,41.705790000194206],[-75.067990000228605,41.706632999994333],[-75.068341999682787,41.707330999884668],[-75.068683000164626,41.708021000266086],[-75.068807999838114,41.70839000016592],[-75.068815000409117,41.708412000145763],[-75.068914000143323,41.708834999848641],[-75.068956999801031,41.709327000168159],[-75.068916999618054,41.7097940002486],[-75.068837999975329,41.710157000078631],[-75.068730000020309,41.71047199983294],[-75.068569000361833,41.710777000008349],[-75.068364000322418,41.711112999937896],[-75.067827999846898,41.71178999983843],[-75.067507000354851,41.712139999743769],[-75.067113999994447,41.712432000057426],[-75.066769000212972,41.712590000174742],[-75.066221999866784,41.712759999994582],[-75.065625000190209,41.712864999855917],[-75.064740999560129,41.712995000149135],[-75.064040000126496,41.713049999832926],[-75.063394000046117,41.71305799985619],[-75.061567999957973,41.712937000236508],[-75.061176000320813,41.712934999891701],[-75.061017000312148,41.712905999914881],[-75.059858000220785,41.712840999711162],[-75.059202999919592,41.712810000013832],[-75.058413999724081,41.712704000221919],[-75.057438999755718,41.712491000269743],[-75.056663999803931,41.712298999755262],[-75.05483100004308,41.711827999678931],[-75.054112000167763,41.711686999945954],[-75.05385199987677,41.711631999766475],[-75.053707999936734,41.71161100007572],[-75.053447999645741,41.711573000106881],[-75.05311000043524,41.711521000077873],[-75.052928999786971,41.711512999863317],[-75.052835000075632,41.711508999755708],[-75.052358999874571,41.711483999915558],[-75.051790999611995,41.711521000077873],[-75.05144400018068,41.711589999707492],[-75.051154999577349,41.711677999895414],[-75.050958999758791,41.711799999728058],[-75.050772000161032,41.711985999939735],[-75.050157000042788,41.712691000279712],[-75.049848000246328,41.71306599987841],[-75.049686999689513,41.713372000317278],[-75.049644000031805,41.713631999931081],[-75.049645999681644,41.713861999796045],[-75.04966199957515,41.714218999880487],[-75.049644999856724,41.714892999835442],[-75.049652000427727,41.715471999946331],[-75.049719000374878,41.715908999887148],[-75.049859999941873,41.716316999759869],[-75.050074000202116,41.716774000234949],[-75.050358999709161,41.717304000095368],[-75.050748999696495,41.717851999995744],[-75.050967000154699,41.718190000002679],[-75.051020999683061,41.718266999894489],[-75.051100000224096,41.718399000164979],[-75.05136299998982,41.71883600031947],[-75.051460000074201,41.719059000132461],[-75.051556000333662,41.71928199984211],[-75.051655999892787,41.719515000149322],[-75.05175700017513,41.719748000282266],[-75.051830999794973,41.719920999799925],[-75.05183599981784,41.720004000003968],[-75.051923999681378,41.720376999734754],[-75.052002000397508,41.721021000100698],[-75.052023000313909,41.721536000231161],[-75.052080000215312,41.721957999695952],[-75.052179999774424,41.722348000261171],[-75.052320000414824,41.722788000103051],[-75.052556000416374,41.723474999812296],[-75.052911000243625,41.724608999981108],[-75.053175999659175,41.725613999904596],[-75.053557000324005,41.726868000010704],[-75.053675000324759,41.72734599979178],[-75.05377300023406,41.728030000229943],[-75.053803000371289,41.728466000323508],[-75.053832999610194,41.728887999862579],[-75.053863999572343,41.729195000308195],[-75.053952000334206,41.730071999688121],[-75.053958000181993,41.730086999947929],[-75.054162000396488,41.731376999803871],[-75.054324999704789,41.732292000040076],[-75.054483999713455,41.733049000271912],[-75.054599000239492,41.733549999925053],[-75.054698999798603,41.733988999964033],[-75.054786999662142,41.73441200026452],[-75.054830000218175,41.73489599987726],[-75.054840000263908,41.735428000069248],[-75.05478500001233,41.735981000325623],[-75.054721000438235,41.736486999935437],[-75.054607999562009,41.736913000275692],[-75.054475000390923,41.737276999894974],[-75.054357000390155,41.737714999810578],[-75.054333999925618,41.737798999939692],[-75.054307999986364,41.737897999735367],[-75.05428100022219,41.737997000048708],[-75.05424799971189,41.738121999867516],[-75.054214000275039,41.738245999999734],[-75.054138000107045,41.738527999917196],[-75.054076000182746,41.738767000106684],[-75.054046999870451,41.738895000078017],[-75.054034000349958,41.738938999925431],[-75.053989000144128,41.739083999925313],[-75.053841000006116,41.739778999701528],[-75.053818000439904,41.73988800000739],[-75.053794000150461,41.739997000128248],[-75.05374399992175,41.740231999882383],[-75.053702999913853,41.740441000067896],[-75.053688999670158,41.740510000149754],[-75.053675000324759,41.74057800008017],[-75.053559999798722,41.741095999828367],[-75.053465000262491,41.741539000150354],[-75.053400999790071,41.741736000063845],[-75.053221999689924,41.742207000112018],[-75.052857999641859,41.743062999986975],[-75.052722999922636,41.743518999884678],[-75.052652999602444,41.743921999920722],[-75.052642999556696,41.744405000233925],[-75.052679000440023,41.744826000274138],[-75.052793000242843,41.745629000181019],[-75.052916000266478,41.746481000070347],[-75.052990999711241,41.747042000134741],[-75.052993000259391,41.747062000334466],[-75.053087999795608,41.74825199999831],[-75.053086000145797,41.748759999999983],[-75.053045999962819,41.749710000305271],[-75.053009000152912,41.750344000244162],[-75.052951000426589,41.751205999677069],[-75.052968999969934,41.751793000157527],[-75.053042999589778,41.752064000004452],[-75.053196999575562,41.75242499984342],[-75.053377000398953,41.752705999927976],[-75.05363400031689,41.753146000250737],[-75.053832999610194,41.753525999686289],[-75.054135999558909,41.754020999880133],[-75.054574999950034,41.754669000151829],[-75.05481500014956,41.75501600014038],[-75.055108000052513,41.755347000028557],[-75.055416999849001,41.755667999787867],[-75.055708999927049,41.755915999728053],[-75.056016000073726,41.756152999858976],[-75.056166999686454,41.756355000328739],[-75.056272999991663,41.756603000294803],[-75.056283999862316,41.756646000242768],[-75.056373000449099,41.757001999998906],[-75.056474999658036,41.757338000118253],[-75.056666000352052,41.757841000206092],[-75.057006999935581,41.758555000163419],[-75.057412999816449,41.759251000044117],[-75.057480999588506,41.759366999960463],[-75.058636000380247,41.761256999985115],[-75.058700999779248,41.761474000100904],[-75.058740000137306,41.761536999845774],[-75.058822999977991,41.7616729999882],[-75.058905999818663,41.761808999842394],[-75.059064000002422,41.762065999868682],[-75.059222000186168,41.762323999944385],[-75.059263000194036,41.762390999815125],[-75.059304000201934,41.762458000285989],[-75.059504000218467,41.762783999988606],[-75.059633000089889,41.762994000194254],[-75.059830999558287,41.763186999697439],[-75.060134000405313,41.763559000223111],[-75.060388999775114,41.763778999742456],[-75.060697999571616,41.764000000230084],[-75.060889000265632,41.764227000220451],[-75.061015999588946,41.764499000204985],[-75.061125000267197,41.76467599995248],[-75.061237000420178,41.764790000042424],[-75.061250999765576,41.764799000023245],[-75.061453000330246,41.764921999858217],[-75.061654999996605,41.765018000284599],[-75.06167099989014,41.765027000233445],[-75.061726999966638,41.76505100031423],[-75.061751000256081,41.765058000196547],[-75.062035999763111,41.765172999971938],[-75.062505000291495,41.765358999772502],[-75.062836999654209,41.76552499990283],[-75.063508999673829,41.765929000169145],[-75.063650000139148,41.766026000109804],[-75.064271999930085,41.766421999824111],[-75.06475800017688,41.766687000179815],[-75.065313000020666,41.766859000242022],[-75.065930999613641,41.767016000172859],[-75.06646399971612,41.767080999835464],[-75.067580000149775,41.767182999698946],[-75.068554000293219,41.767322000256883],[-75.069043000014759,41.767440000310977],[-75.070114000242569,41.767760999882313],[-75.070231000418431,41.767810000322626],[-75.07073299966045,41.768005999699554],[-75.071527999703733,41.768241000108226],[-75.072069000202134,41.76838400030055],[-75.072464000212335,41.768548000020949],[-75.072694000366127,41.768715999888144],[-75.072841999605799,41.768889000176948],[-75.072882999613682,41.768953999951862],[-75.073034000124736,41.769224999695304],[-75.073317999806861,41.769856999907503],[-75.073402000370763,41.770003000044383],[-75.073615999732709,41.770374000296805],[-75.074098999606463,41.770909999732687],[-75.07460999996762,41.771269999819538],[-75.07512800000147,41.771482000250543],[-75.075769999883903,41.771667000256365],[-75.076385999827053,41.771743000096933],[-75.077056000196876,41.771766999675286],[-75.077789000315889,41.771753000033989],[-75.078451000289789,41.771698999953415],[-75.079155999921412,41.771606999860275],[-75.079938000444216,41.771431999668465],[-75.081002999925929,41.771125000157838],[-75.082651999563737,41.770653999900851],[-75.083413000170182,41.77046299997324],[-75.084089000387763,41.770340000041529],[-75.084715000376661,41.770169000218488],[-75.085240000083218,41.769964999774572],[-75.086055000217996,41.769700000229307],[-75.08612899983784,41.769668999829243],[-75.087181999623994,41.769392000171116],[-75.089038999674273,41.769040000016709],[-75.089078000032345,41.76903099996079],[-75.089305999637958,41.768990000211168],[-75.089683999929747,41.768922000225494],[-75.090062000221522,41.76885400016775],[-75.090672000316886,41.768743999823229],[-75.091280999689005,41.768635000270308],[-75.091552999675571,41.768585999790119],[-75.091824999662137,41.768538000254274],[-75.092809999676234,41.768360999771083],[-75.092929000400233,41.768360999771083],[-75.093736999964008,41.768301000302714],[-75.094633000289647,41.768364000044492],[-75.095298999563184,41.768452999829556],[-75.096384000034703,41.768656000081791],[-75.097245000200246,41.768784000092168],[-75.097850000272729,41.768874999907545],[-75.098426000032902,41.768918999978126],[-75.099446000207095,41.768966000263845],[-75.100196999869468,41.769014000149461],[-75.100627000039779,41.769085999910573],[-75.101043999791287,41.769225999996337],[-75.101479999809385,41.769406000327642],[-75.101802999849568,41.769563000055356],[-75.101894999911096,41.769609000244209],[-75.102294999944164,41.76992200004161],[-75.102672000411019,41.770291000193659],[-75.103045999606522,41.770732000156748],[-75.103284999981128,41.771032999911441],[-75.103491999670354,41.771237999908536],[-75.10433399956932,41.77269299988567],[-75.104571000294087,41.77359900016333],[-75.104584999639471,41.773720000083571],[-75.104624999822448,41.77379999975048],[-75.104681999723866,41.774097999842361],[-75.104711000036176,41.774383999923494],[-75.104675999876079,41.774730999825174],[-75.104551000202619,41.775020999936245],[-75.10433399956932,41.775286999813844],[-75.10412900042823,41.775489999877323],[-75.103962999848562,41.775757000018828],[-75.103879000182957,41.776047999704993],[-75.103808999862764,41.777011999881019],[-75.103745000288669,41.778053000202632],[-75.103760000357283,41.778455000306238],[-75.103833000152207,41.778777999993494],[-75.103957000000776,41.779162000294505],[-75.103962000023643,41.779189999689216],[-75.104008000054407,41.779426000130613],[-75.104007000229487,41.779719000191072],[-75.103947999779933,41.780149999676105],[-75.103822000281554,41.780702999881306],[-75.103653000227155,41.781362999995174],[-75.10356299981548,41.781723999797002],[-75.103408999829696,41.782214999779946],[-75.103177000026093,41.782819000135262],[-75.10296399959077,41.783493999744607],[-75.102814999627839,41.784108000129436],[-75.102647000296656,41.784914999771061],[-75.102473000219405,41.785644999906182],[-75.102351999845567,41.78606700007434],[-75.102213999753317,41.786433999711555],[-75.101997999843249,41.78689999983726],[-75.101725999856669,41.787504000266587],[-75.101335000044429,41.788221000333472],[-75.100873999911983,41.788882000083447],[-75.100538000351307,41.789276000041326],[-75.099961999692823,41.789732999772625],[-75.098364000108631,41.790939999866353],[-75.096774999846957,41.792058000280605],[-75.096235999896706,41.792496000111043],[-75.095783999985088,41.792948999934126],[-75.095231999616033,41.793576999752737],[-75.094049999958457,41.794948000323032],[-75.093509000358381,41.795632999712168],[-75.093131999891511,41.796184999769828],[-75.093096999731415,41.796227000096458],[-75.093088000408883,41.796233000045177],[-75.092883000369483,41.796457000185072],[-75.092638000147105,41.79666000020066],[-75.092341999871095,41.796814999769765],[-75.091954000431897,41.796976000182582],[-75.091263000145659,41.79720700012664],[-75.090531999676458,41.79741399989102],[-75.089866000402921,41.797544999677903],[-75.089201000055979,41.797637999921335],[-75.088497000249276,41.797707000122735],[-75.087939000032449,41.797717000029316],[-75.087332000310141,41.797664000238875],[-75.086683999681625,41.797575000138423],[-75.086041999799207,41.797411000306823],[-75.085512000069784,41.797243999793871],[-75.084200999642448,41.796757999747108],[-75.083669000263214,41.796625999817273],[-75.082661999609485,41.796506000132254],[-75.082126000032289,41.796496000036711],[-75.081411000354947,41.796592999959792],[-75.080622000159423,41.796698000056239],[-75.080114000171307,41.796792000060428],[-75.07972800038192,41.796863000242929],[-75.079069999707684,41.797039999751775],[-75.078471000381271,41.797296999931646],[-75.077985000134461,41.79757900024341],[-75.077233999573792,41.798109000226582],[-75.076675000430356,41.798536999781177],[-75.076096000297127,41.799055999676447],[-75.075651999883121,41.799555000151742],[-75.075312000124498,41.800042000237546],[-75.07495599957403,41.800659000275999],[-75.074636999731808,41.801377000323008],[-75.074211999584364,41.802178000149432],[-75.073819000122285,41.802933000317736],[-75.073515000348664,41.803509000195959],[-75.073260000080552,41.803969999938275],[-75.072940000413396,41.804711999685445],[-75.072727999802979,41.805332999912252],[-75.07251500026598,41.805998999948997],[-75.072342999838526,41.806643999671302],[-75.072192000225783,41.807296999932205],[-75.07211900043086,41.807804999815332],[-75.07203999988981,41.808474000004942],[-75.07199100038433,41.808889999761767],[-75.071917999691081,41.809151000008676],[-75.071825999629567,41.809395999716692],[-75.071716999849627,41.809772000061528],[-75.071591000351233,41.810324999847964],[-75.071531999901694,41.810747999888711],[-75.071509000335482,41.811304000226933],[-75.071542999772348,41.81172099999177],[-75.0715810003055,41.812300999725423],[-75.071643000229784,41.812782000280336],[-75.071761000230552,41.813214000046827],[-75.07197700014062,41.813684999680333],[-75.072248000302281,41.814130999816719],[-75.072604999779344,41.814478999780675],[-75.072916000123968,41.814695000331042],[-75.073351000317146,41.814914000256969],[-75.073818000297393,41.815086999766812],[-75.074359999722361,41.815215000156051],[-75.074759999755457,41.815294000017602],[-75.075531000407608,41.815366000035283],[-75.076376999606225,41.815385999691145],[-75.07716199960376,41.815372999781644],[-75.077329000008348,41.815359000288211],[-75.07806299995228,41.81530200002355],[-75.078769000307105,41.815210000229357],[-75.079361999785718,41.815099999734358],[-75.080228999799033,41.814857999854937],[-75.080911999689334,41.814572000218533],[-75.08157700003629,41.814224999689365],[-75.082076999628484,41.813866000017043],[-75.082834000036954,41.813288999904763],[-75.083039000076354,41.813134000012319],[-75.083484000315281,41.812793999755293],[-75.084173999878274,41.812339999977326],[-75.084733999744927,41.812020999863222],[-75.084957000225998,41.811923999859886],[-75.085013000302496,41.811879000201898],[-75.085524999590248,41.811711999900275],[-75.085573000169134,41.811715999792327],[-75.086039000324462,41.811665000145851],[-75.087713999901553,41.811618999996639],[-75.088765999862801,41.811628000101209],[-75.089498000156894,41.811667999732322],[-75.089879999748305,41.811700999861131],[-75.089970000159994,41.811728999774502],[-75.090109000077163,41.811772999900555],[-75.090341999705672,41.811846000164792],[-75.090575000232491,41.81191999998083],[-75.0906870003855,41.811956000222352],[-75.090786999944598,41.81198700026534],[-75.090798999640171,41.811991000140168],[-75.09090400012046,41.812057000047979],[-75.091593999683454,41.812401999676624],[-75.091863000195289,41.812537000131655],[-75.091972999800149,41.81262100007779],[-75.093279000204603,41.813345999952269],[-75.094700000236799,41.814189000053609],[-75.095154999623148,41.814450999730397],[-75.095202000377128,41.814481999904892],[-75.09634300002682,41.815241000036494],[-75.096877999779124,41.815683999982269],[-75.09768200004325,41.816481999667552],[-75.098438999553395,41.817156000064301],[-75.099191999763889,41.817898999943459],[-75.099648999698374,41.818333999953701],[-75.100120999701474,41.818670000132173],[-75.100565000115495,41.818926999917629],[-75.101012000004232,41.81909899977628],[-75.101377999702137,41.819224000278865],[-75.101745999948179,41.819325000024747],[-75.10209400010271,41.81939400030307],[-75.102474000044324,41.819441999928898],[-75.102895999818699,41.819475000069225],[-75.1033889997382,41.819548000258301],[-75.103814999710536,41.819663000057254],[-75.103885999855677,41.819668999819889],[-75.10398299994003,41.81970300002623],[-75.104233000185289,41.819789000310109],[-75.104288000436867,41.819807999742267],[-75.104593999860313,41.81991400013532],[-75.10490100000699,41.82001900017486],[-75.105041999573984,41.820067000001693],[-75.10518200021437,41.820114999792544],[-75.105474000292432,41.820216000141478],[-75.10576600037048,41.82031600015776],[-75.105830999769495,41.820339000125998],[-75.105961000364147,41.820414999845923],[-75.106877999707862,41.820810000249708],[-75.108331000425409,41.821391000176732],[-75.109084999562512,41.821616999700218],[-75.109667999893688,41.821753999778366],[-75.11076500006078,41.82196499982377],[-75.111615000355656,41.822111999942585],[-75.111841000311458,41.82215199972071],[-75.112310999766436,41.822269999958159],[-75.112677000362638,41.82239500029587],[-75.113018999771086,41.822619000017497],[-75.113044999710354,41.82264400010218],[-75.113277000412268,41.822887000149073],[-75.113501999644839,41.823194000165337],[-75.113645999584904,41.823476999753062],[-75.114032000272587,41.824372000108362],[-75.11421499967237,41.824931999730779],[-75.114370000381385,41.825430000064223],[-75.114509000298568,41.825818999799687],[-75.114870999798484,41.826575999966096],[-75.11501599956344,41.827057999811743],[-75.115068000340287,41.827545999738838],[-75.115052000446781,41.827939000222756],[-75.114936999920715,41.828470000115644],[-75.114812000247255,41.82901500014767],[-75.114721000010661,41.829567999788026],[-75.114650999690468,41.830204000297137],[-75.114530000214955,41.83110100033381],[-75.11440100034352,41.831730999697697],[-75.114076999580107,41.83283600017522],[-75.113843000126707,41.833740999852431],[-75.113560000269487,41.834607000066086],[-75.113294999955613,41.835513000072233],[-75.113222000160675,41.835796000087932],[-75.113145000167776,41.836164999896184],[-75.113094999939051,41.836611999997537],[-75.113087000441467,41.837060000235155],[-75.113164000434367,41.837964999752387],[-75.113203999718991,41.838498999803875],[-75.113255999597556,41.840244999707785],[-75.113331999765521,41.84166699998358],[-75.113404999560473,41.842140000136148],[-75.113546000025778,41.842490999943251],[-75.113700000011562,41.842749000301126],[-75.113909000248924,41.842946999745735],[-75.114115999938164,41.843183000304563],[-75.114300999886098,41.843458000030623],[-75.114512999598205,41.84384900024407],[-75.114746000125024,41.844209000255091],[-75.114982999951494,41.844469999766062],[-75.115324000433333,41.844716999784204],[-75.115958999744734,41.845102000278921],[-75.11659499977938,41.845449000106022],[-75.11734799998986,41.845727999905748],[-75.117968999955892,41.845943000329363],[-75.118645000173501,41.84608299985883],[-75.119372000444741,41.846184000060482],[-75.120117000259313,41.846216999800284],[-75.120903999906673,41.84618100008332],[-75.121763000422391,41.846114999880363],[-75.122667000245627,41.845989999684548],[-75.123530999885901,41.84581600024741],[-75.124231000392953,41.845639000334465],[-75.124837000290356,41.845467999953527],[-75.125399999631753,41.845326000182069],[-75.12622300016244,41.845152000277508],[-75.126918999573221,41.845059999875204],[-75.127603000186738,41.845014000293624],[-75.128903999670015,41.845019999688091],[-75.129820000087136,41.845087999924374],[-75.130477999863075,41.845163999709229],[-75.130990999874072,41.845261000219239],[-75.131369000165847,41.845369999975311],[-75.131712000297512,41.845555000204442],[-75.131992999606595,41.845754999886601],[-75.132349000157063,41.84614900009479],[-75.13273199957338,41.846636999686027],[-75.133068999857272,41.846991999948713],[-75.133746999724707,41.847571000322205],[-75.134489999889453,41.848112999763813],[-75.134991000204877,41.848495000028954],[-75.135573999637742,41.848886999968741],[-75.136290000038329,41.84930399989338],[-75.137689000329203,41.850200999896579],[-75.138474000326752,41.850720999754124],[-75.138742000115343,41.850982000134067],[-75.138998000208389,41.851288999905051],[-75.139284000438664,41.851626999797141],[-75.139563999922842,41.85186499981755],[-75.139876000092357,41.852058000097657],[-75.140232999569434,41.852174000055115],[-75.140560999632484,41.852219999841573],[-75.14097400008437,41.852229000261403],[-75.141440000239683,41.852209000070204],[-75.142047999786911,41.85213699999926],[-75.143091000425656,41.851991000257065],[-75.144099999830871,41.851814000031119],[-75.144744000261412,41.851677000049186],[-75.144955000148599,41.851632000225571],[-75.145602000053898,41.851462000160026],[-75.146293000340108,41.85123000012883],[-75.147060999720907,41.850907999960164],[-75.148290999957382,41.850364999736662],[-75.149951000364183,41.849675999915064],[-75.15150399974253,41.849070999672044],[-75.152090000446762,41.848891000215225],[-75.152611999780262,41.848748000282058],[-75.153268999731281,41.848615999751168],[-75.154047000056153,41.848510000040172],[-75.154679999717729,41.848454999982025],[-75.155381999874592,41.848447999837369],[-75.156207000055133,41.848482000150284],[-75.156813999777455,41.848550000052718],[-75.157654999851502,41.848692000029217],[-75.158727999729152,41.848979000221149],[-75.159748999728237,41.849287999678459],[-75.161144999646069,41.84976699998856],[-75.162098999698017,41.85016699982814],[-75.162290000392034,41.850262000033084],[-75.162878999672699,41.850555000086509],[-75.163483999745196,41.850923999769947],[-75.163964999969139,41.851290000263738],[-75.164380999895727,41.851723999875816],[-75.164522000361046,41.851895000263376],[-75.164815000263999,41.852250999795359],[-75.16522699999264,41.852792999732898],[-75.165498000154315,41.853238999777581],[-75.165673999881406,41.853737000011215],[-75.165801000103002,41.854187999724104],[-75.165945000043052,41.854709000261273],[-75.1662220000525,41.855271000021411],[-75.166396999954671,41.8555449996853],[-75.166593999598149,41.855773000308027],[-75.166842000193597,41.856034000146451],[-75.16708999989072,41.856278999784365],[-75.167298000303177,41.856515000006418],[-75.167482000426176,41.856813000210821],[-75.168054999813307,41.857967999826933],[-75.168325999974968,41.858699999732636],[-75.168511999747807,41.859468999807405],[-75.168576000220227,41.859918000134073],[-75.168602999984401,41.860288999761195],[-75.168572000022266,41.860798000264744],[-75.168459999869256,41.861769000051559],[-75.168396000295175,41.86260100012359],[-75.168356999937117,41.86331100011207],[-75.168163999593261,41.864511000270234],[-75.16807999992767,41.865320000266905],[-75.167941999835406,41.866421000223767],[-75.167918000444274,41.867030000032244],[-75.167950000231329,41.867517000096399],[-75.168086999600362,41.868231000055275],[-75.168175000362226,41.868587999720134],[-75.168275999746257,41.868922000172368],[-75.168423999884254,41.869335000281353],[-75.16861700022811,41.869687000116151],[-75.168861999552178,41.870009000057721],[-75.16913600008688,41.870341999714292],[-75.169265999783221,41.870498999677849],[-75.169315000187026,41.870558999796408],[-75.1696239999835,41.870886999672095],[-75.169761000250858,41.87103299975665],[-75.170141000192444,41.87135000005209],[-75.170436999570157,41.871510999716264],[-75.170564999616673,41.871607999737805],[-75.170689000363538,41.87164800002104],[-75.170839000151361,41.871728999882436],[-75.171511000171009,41.871982999905413],[-75.17246000020009,41.872283000328459],[-75.173267999763851,41.872477999915247],[-75.174088999746417,41.872620000279426],[-75.17457400016832,41.872659999929375],[-75.174868999721099,41.872664000026759],[-75.175297000241571,41.872640000107523],[-75.175826999971008,41.872573999781444],[-75.176318000240698,41.872422999731825],[-75.176550999869193,41.872288999840926],[-75.176744000213048,41.87211599973601],[-75.177003999605731,41.871812999754212],[-75.177231000284777,41.871578999884726],[-75.177583999563865,41.871278000125088],[-75.178032000175847,41.870910000197789],[-75.17835500021603,41.870584999941769],[-75.178771000142632,41.870006999925963],[-75.179300999872055,41.869155000323751],[-75.179546999919367,41.868696999863268],[-75.179719000346807,41.868268000165635],[-75.179900999921671,41.867592999991537],[-75.180228999984735,41.866372999702271],[-75.180511999841954,41.865499000182218],[-75.180823000186592,41.864686999996259],[-75.181295000189692,41.863748000264458],[-75.181704000443602,41.863078000069997],[-75.182028000308705,41.862608000057378],[-75.182185999594125,41.862378000016349],[-75.182728999742338,41.861725999690918],[-75.183343000035677,41.861091999761165],[-75.183942000260373,41.860587999988049],[-75.184533999914095,41.860252999934993],[-75.185046000100172,41.860109999979009],[-75.185358000269687,41.860063000293231],[-75.185728999990459,41.86007200027845],[-75.186068999749082,41.860117999737007],[-75.186784000324749,41.860303000134202],[-75.187555999903495,41.86064500007398],[-75.188468999947574,41.861162000047329],[-75.189136999769275,41.861667999703215],[-75.189596000251896,41.862072000139491],[-75.189941999858306,41.862466000199561],[-75.190177000034936,41.862795999808],[-75.190397999967871,41.863210000192332],[-75.190702999566412,41.863842000205395],[-75.19093100007035,41.864357000112513],[-75.191161000224113,41.86478700011132],[-75.191446999556078,41.865140999850411],[-75.191815999627025,41.865480999731318],[-75.192115000276075,41.8657449998163],[-75.192343999706608,41.865948000313537],[-75.19283699962611,41.866282999965158],[-75.193443000421851,41.866637000117827],[-75.194237999566823,41.867178999890804],[-75.194527999995032,41.867353000085245],[-75.194903999738685,41.867579999980656],[-75.195410000076961,41.867839000264922],[-75.196099999639969,41.868155000249629],[-75.196841999979824,41.868457000087794],[-75.197329999876445,41.868654000148133],[-75.198002999720998,41.868884999771566],[-75.198647000151539,41.869061000166759],[-75.199170000208284,41.869157999892415],[-75.199828999809142,41.869219000009984],[-75.2005300001411,41.869265000246557],[-75.201016000387895,41.869260999936465],[-75.201413000047935,41.869231000278482],[-75.201792999989536,41.869207999817618],[-75.202266999642461,41.869241999797929],[-75.202716999904254,41.869344999706684],[-75.203286999816655,41.869566000119768],[-75.203732999880486,41.869784000229792],[-75.204002000392322,41.869866999913619],[-75.20409000025586,41.869892999671499],[-75.204636999703723,41.869928000023599],[-75.205575999687071,41.869941000225907],[-75.206466999989829,41.869899000077247],[-75.207318999934529,41.869763000107305],[-75.208068999771967,41.86961799986986],[-75.209569000345198,41.86931899972587],[-75.210038999800162,41.869182999859909],[-75.210505999780395,41.86899799973515],[-75.210569000427896,41.868972999695302],[-75.211315999892292,41.868626999798821],[-75.212071999577532,41.868319000210256],[-75.213027000352696,41.867961999712179],[-75.213644000120766,41.867766999728168],[-75.213757999923587,41.867739000240782],[-75.214012000366807,41.867676999946561],[-75.214677999640344,41.867510000031075],[-75.214780999572511,41.867482999867576],[-75.215024000145078,41.867349999762958],[-75.215409000109545,41.867018000019577],[-75.215775999632342,41.86663999980459],[-75.216049000342124,41.86633599983314],[-75.216413000390205,41.865884000028629],[-75.216522999995064,41.865784000291413],[-75.216804000202444,41.865442999877637],[-75.217206999710271,41.864919000050442],[-75.217504999636105,41.864432000266063],[-75.217783000368769,41.863895000089848],[-75.217953000248087,41.863646999696982],[-75.218058999654971,41.863308000269107],[-75.218138000196006,41.863202000152135],[-75.218277999938095,41.862934999741469],[-75.218705999560271,41.86229600016236],[-75.219088999874899,41.861732999720488],[-75.219575999946628,41.861188000000325],[-75.219789000381951,41.860975999921067],[-75.220177999646069,41.860590999958617],[-75.220969000389729,41.859921999690698],[-75.221621000317882,41.859356999960347],[-75.222259999827259,41.858868999723207],[-75.222679000126902,41.858461000143578],[-75.222829999739631,41.858294999822149],[-75.223014999687564,41.858059000146994],[-75.223166000198617,41.857915999968242],[-75.223335000253016,41.857818999912972],[-75.22352299967568,41.857761999984319],[-75.223793000012435,41.857721000121614],[-75.224084000265563,41.857682000080906],[-75.224480000100684,41.857590000302444],[-75.224962999974437,41.857538000136401],[-75.225361000357708,41.857531999908673],[-75.225701000116331,41.857546999807901],[-75.22604699972274,41.857590000302444],[-75.22615100037811,41.857595000264716],[-75.226175999594162,41.857602000077414],[-75.226224999997982,41.857623999770574],[-75.226601999566512,41.857745000289221],[-75.226917000109111,41.85789000002304],[-75.227179000049915,41.85804300011479],[-75.227583000280973,41.858267999781539],[-75.227986999613677,41.858524000253503],[-75.228697000166491,41.859118999717616],[-75.228899999657756,41.859215999808207],[-75.229019000381754,41.859226999712646],[-75.229207999629338,41.859246000151344],[-75.229673999784666,41.859224999912627],[-75.230514000033807,41.85920499990192],[-75.230656000324004,41.859200000065535],[-75.231006999953294,41.859207999937368],[-75.231143000395733,41.859240000083815],[-75.231612000025777,41.859459000175519],[-75.232159000371979,41.859892000333751],[-75.232581000146354,41.860160999840922],[-75.233448999984574,41.860690000246798],[-75.234230999609082,41.86130199972078],[-75.234386000318082,41.861434000164337],[-75.234565000418243,41.86156900026014],[-75.236055000047401,41.863095999859439],[-75.236332000056834,41.863414000210355],[-75.236513999631711,41.863667999821473],[-75.236759999679009,41.863982000032131],[-75.23702900019083,41.864242999817677],[-75.237101999985768,41.864297999680126],[-75.237290000306743,41.864441999789292],[-75.237794000096898,41.864746000069687],[-75.238066000083464,41.864930000311816],[-75.238255000229344,41.865119000067402],[-75.238471000139413,41.865410000021612],[-75.238658999562077,41.865613999710177],[-75.238931000446954,41.865805999845605],[-75.239284999550961,41.865990999841848],[-75.239891000346688,41.86633599983314],[-75.240334000037464,41.866638999686046],[-75.240504999741702,41.86679700016348],[-75.24073300024564,41.867002999666028],[-75.240913999995612,41.867138000045202],[-75.241146999624121,41.867251999860862],[-75.241456000318905,41.867288999868855],[-75.24186899987248,41.86727499968756],[-75.242401999974959,41.867176000229335],[-75.243345000156239,41.866877000036148],[-75.2433779997682,41.866844999697697],[-75.244038000092289,41.866511999887166],[-75.244494000201854,41.866220000140771],[-75.244919000349313,41.865912999789366],[-75.245604999714331,41.865286999678389],[-75.246224000030537,41.864732000000515],[-75.246974999692895,41.864059000274459],[-75.248103999647029,41.863195000283383],[-75.248793000283428,41.86273900030141],[-75.249476999998635,41.862422000123125],[-75.250000999880285,41.86221700009753],[-75.250533999982764,41.862082000031798],[-75.250980999871501,41.862006999797785],[-75.251467000118311,41.861993999989146],[-75.25185899975547,41.862009999701776],[-75.252099999779887,41.862034000266839],[-75.252733000339802,41.862098999912057],[-75.253752999615671,41.862190999893954],[-75.254258999953947,41.862193999789312],[-75.254746999850596,41.862126999862376],[-75.255519000327681,41.862003999893652],[-75.256076999646197,41.861916999936071],[-75.256604999725781,41.86189000008666],[-75.257111000064086,41.861908999734105],[-75.257583999892077,41.861957000261945],[-75.257962000183852,41.86206599966814],[-75.258316000186198,41.862274000069448],[-75.258717000044172,41.862583999707766],[-75.258968999939256,41.862810000301089],[-75.259255999994451,41.86306700015902],[-75.25970700008115,41.863417000048337],[-75.260411999712773,41.863887000135364],[-75.261020999983216,41.864449000190525],[-75.261590000070697,41.864939999757155],[-75.261826999897153,41.865238000171928],[-75.262027999738606,41.865498000045818],[-75.262129000020948,41.865700999989322],[-75.262491000419203,41.866226000222277],[-75.262616000092663,41.866460000286516],[-75.262720999674656,41.866694000163264],[-75.262854999568944,41.866974999844089],[-75.262970999919901,41.867177999780687],[-75.263180000157277,41.867453000044193],[-75.26360100010676,41.867972000021247],[-75.263866000420634,41.868348000204413],[-75.264048999820417,41.86868400007689],[-75.264207999829068,41.869120000217436],[-75.264294999867715,41.869523000320257],[-75.264313000309372,41.869871000185789],[-75.264299000065677,41.870218000101097],[-75.264227000095659,41.87049500011387],[-75.264072000284941,41.870753999960037],[-75.263714000084676,41.871194000219198],[-75.263384000371772,41.871525000307749],[-75.263208999571276,41.871700000084253],[-75.262704999781135,41.872183999929739],[-75.262256000242559,41.872568000295729],[-75.261682000132197,41.872963999929219],[-75.260814000293976,41.873494000106248],[-75.260127000205713,41.873904000093269],[-75.259621999692328,41.874140000149417],[-75.259050000130117,41.874490000289057],[-75.258282999675913,41.875074999807758],[-75.258036999628615,41.875301999706593],[-75.257756000319532,41.875604999871079],[-75.257571000371613,41.87585599995257],[-75.257459000218617,41.876093000129352],[-75.257408000164986,41.876331000063132],[-75.257419999860559,41.876555000292853],[-75.257460000043537,41.876841999857781],[-75.25753000036373,41.877064999678751],[-75.25756399980061,41.877107999755708],[-75.25838300013335,41.879351000113118],[-75.258594000020537,41.880125000151402],[-75.258789000014204,41.880685000118383],[-75.259276999910853,41.8816759998438],[-75.259583000232595,41.88232399986407],[-75.259892000029069,41.882887000217025],[-75.260164999840541,41.883302000096364],[-75.260441999849988,41.883616000173461],[-75.260606999706425,41.88375200009429],[-75.26062299959996,41.883783000143929],[-75.261133999961118,41.884068000326884],[-75.261149000029732,41.884074999916457],[-75.261645000322275,41.884298999753575],[-75.262657999925466,41.884822999888122],[-75.263098000141511,41.885041000125582],[-75.263521999565725,41.885197000268377],[-75.263652000160377,41.885228000285714],[-75.26394699971317,41.885282000323095],[-75.264465999571939,41.88537699985698],[-75.26490999998596,41.88545799970705],[-75.265996000282371,41.88565699984386],[-75.266130000176673,41.885681000225084],[-75.266417000231854,41.885733000239952],[-75.266866999595351,41.885833000201096],[-75.26763400004954,41.886041999995598],[-75.268348999726896,41.886202000288222],[-75.26837499966615,41.88621300023091],[-75.269224000136134,41.886355000172294],[-75.269962000278014,41.886517999772508],[-75.270409999991671,41.88667400032152],[-75.270754999773175,41.886842999929087],[-75.271015999889073,41.887050000164983],[-75.271183000293661,41.887262000047315],[-75.271225999951355,41.887333000229219],[-75.271317000187963,41.887453000234807],[-75.271359999845657,41.887512999818689],[-75.27148299986932,41.887785999955781],[-75.271584999976554,41.888088999778191],[-75.271685000434005,41.888446999985177],[-75.271784000168196,41.888835000024962],[-75.271868999658693,41.889300000313639],[-75.272039000436322,41.889982999984937],[-75.272179000178411,41.891174999752792],[-75.272196999721757,41.891327000031602],[-75.272328000141329,41.89240600029347],[-75.272431999898402,41.893085000033686],[-75.272460000385792,41.89326599983518],[-75.272569999990651,41.893894000138268],[-75.272638999587642,41.894338000306469],[-75.272686000341594,41.894638000100592],[-75.272780999877838,41.895118000049791],[-75.272843999627028,41.895358999678152],[-75.272928000190944,41.895607999731865],[-75.273011999856536,41.895825999943234],[-75.273055000412555,41.896050999693941],[-75.273035000321059,41.89631299991143],[-75.272973000396789,41.896566000196266],[-75.272868999741391,41.896857999715216],[-75.272775000030066,41.897047000008769],[-75.27267600029586,41.897211000050838],[-75.272440000294324,41.897519999784969],[-75.272138000170514,41.897845999764172],[-75.271410999899288,41.898471000302948],[-75.271205999859887,41.898638000222299],[-75.270322000128118,41.899366000030149],[-75.26957200029068,41.900044999995792],[-75.268906000118818,41.900687000055321],[-75.268347000077085,41.901261999987618],[-75.267998999922526,41.901686000324517],[-75.267838000264049,41.901908000119079],[-75.267772999966709,41.901971000200284],[-75.267767999943828,41.90200200010068],[-75.267716000065306,41.902074000177954],[-75.267471999667833,41.902500999812609],[-75.267357000040107,41.902784000287831],[-75.267295999940728,41.903030000156747],[-75.267247000435262,41.903492000105054],[-75.267206000427365,41.904278999749167],[-75.267179999589786,41.905106999971338],[-75.267210999551921,41.905588000302565],[-75.267275999849261,41.906089999909653],[-75.267358999689918,41.906609000325084],[-75.267484000261717,41.907105999826321],[-75.267603999912325,41.907495000318832],[-75.267733999608666,41.907868000183981],[-75.267983000028991,41.908368000314354],[-75.2682640002364,41.908860000197983],[-75.268489000367296,41.909240000284719],[-75.268661999721331,41.909533000126615],[-75.268891000050189,41.910031999810094],[-75.269248000425577,41.910687999762722],[-75.269628000367163,41.911283000312565],[-75.270065000210181,41.912002999729822],[-75.270485000334759,41.912652999748829],[-75.270881000169879,41.913380000145523],[-75.271246999867756,41.914066999841957],[-75.271627999634276,41.914630999874525],[-75.271954000047501,41.915039999892983],[-75.272508999891286,41.915653999695529],[-75.272953000305293,41.916189000082561],[-75.273297000261877,41.916658999758177],[-75.273519999844652,41.917035000215087],[-75.273693000097012,41.917379000029463],[-75.273853999755488,41.917768000084536],[-75.274011000114328,41.917995000022927],[-75.274340000002297,41.918310999956127],[-75.274586999874487,41.918610000112693],[-75.27477299964734,41.91886900009964],[-75.274967999641021,41.919181999821802],[-75.27520000034292,41.919580999834253],[-75.275426000298737,41.919901999701899],[-75.275613999721386,41.920121999753064],[-75.275628999790015,41.920147999781953],[-75.275867000339687,41.920536999668499],[-75.276038999868817,41.920888000223478],[-75.276171999938228,41.921200000135663],[-75.276259999801766,41.921493999813705],[-75.27633299959669,41.921684999888093],[-75.27641399978755,41.921824999985461],[-75.276485999757568,41.921943000172668],[-75.27654199983408,41.922036000143834],[-75.27663300007066,41.92223599985256],[-75.276720999934213,41.922515000083429],[-75.276799999576937,41.922868000265865],[-75.276828999889261,41.923075999938014],[-75.276828000064341,41.923255999711159],[-75.276801000300154,41.923485999870522],[-75.276807999972846,41.923630000274748],[-75.276852000353784,41.923764000089783],[-75.276875999744902,41.92394499981711],[-75.276858000201557,41.924097000291908],[-75.276797000102192,41.92422900002348],[-75.276674999903463,41.924442000017038],[-75.276632000245755,41.924550999782639],[-75.276571999971296,41.924703000150451],[-75.276505000024144,41.924991999692686],[-75.276467000389303,41.925498999750992],[-75.276489999955515,41.926240000146358],[-75.276510999871917,41.926517999727842],[-75.276500999826183,41.926679000049468],[-75.276531999788318,41.926868000286369],[-75.27653599998628,41.926912999942004],[-75.276590000412966,41.927573999988603],[-75.276659000009943,41.92820799997142],[-75.276679000101424,41.928656000049862],[-75.276739000375883,41.92933599973037],[-75.276831000437383,41.930140999810504],[-75.276890999813531,41.93052100017092],[-75.276939000392417,41.930877000178342],[-75.277016000385316,41.931446999976359],[-75.27702499970782,41.931700999805138],[-75.276999999593471,41.932008999914025],[-75.276960000308804,41.932253999667651],[-75.276937999669201,41.932459000211317],[-75.276936000019376,41.932563000202634],[-75.276947999714935,41.932885999749914],[-75.277018999860047,41.933145999674501],[-75.277131000013043,41.933434999729748],[-75.277249999838716,41.933713999771008],[-75.277382999908127,41.93396200019388],[-75.277486999665186,41.934142999724031],[-75.277671999613119,41.934414000198082],[-75.277766000222755,41.934592999667643],[-75.277807000230638,41.934659000069523],[-75.278506999839379,41.935910000299678],[-75.278640999733682,41.936264000238886],[-75.27869900035833,41.936527999865895],[-75.278704000381182,41.936735999774299],[-75.278697999635085,41.936799999918044],[-75.278658000350433,41.937283999677511],[-75.278671999695817,41.937879999840717],[-75.278709000404064,41.938522999924764],[-75.278762999932425,41.938713000143814],[-75.278892999628766,41.938867999815351],[-75.278988999888213,41.938948999972382],[-75.279070000079088,41.939006000318159],[-75.279371000377949,41.939168000178711],[-75.279506000097172,41.939241000080344],[-75.279703999565569,41.939338000159033],[-75.280076000009558,41.939471000075287],[-75.280491999936189,41.939590000011428],[-75.280982000380945,41.939700000265901],[-75.28142400024683,41.939794999695117],[-75.281625000088283,41.939864000317172],[-75.281825000104817,41.939979000297178],[-75.282005000029869,41.940121000282645],[-75.282170999711227,41.940239999673985],[-75.282256999924954,41.940306000245805],[-75.282601999706444,41.940497999759209],[-75.282877999890971,41.940648000292313],[-75.282978000348393,41.940700999941981],[-75.283388000427223,41.940954000045231],[-75.283713999942137,41.941178000151879],[-75.283935999699992,41.941358000299765],[-75.284117000348274,41.941546999807969],[-75.284279999656562,41.941715999848391],[-75.284436000190496,41.941840000324582],[-75.284600000222028,41.941934999906536],[-75.284678999864738,41.941953999805968],[-75.284770999926238,41.94198099989945],[-75.284967999569758,41.942007999981548],[-75.285221000188059,41.942026999859173],[-75.28582399971242,41.942091000038431],[-75.286100999721853,41.942124999982305],[-75.286315999807002,41.942165999811841],[-75.286603999687088,41.942236999747628],[-75.286918000404754,41.942290000081059],[-75.287063999994629,41.942308000272561],[-75.287519000279303,41.942365999889795],[-75.28832799966797,41.942422000253615],[-75.288525000209788,41.942457999888767],[-75.288659000104076,41.942507000306087],[-75.288828999983394,41.942579999726235],[-75.28900399988558,41.942690000168184],[-75.289150000373766,41.942825999893444],[-75.289172000115073,41.942845999789299],[-75.28936700010874,41.943076000144949],[-75.289510000223885,41.943203999669763],[-75.289658000361882,41.943392000134665],[-75.289958999762447,41.943749000042594],[-75.29020099961177,41.944000000259678],[-75.290280000152819,41.944083999970566],[-75.290553999789196,41.944371000096609],[-75.290860000110939,41.944755999687118],[-75.290952999997373,41.944920000097781],[-75.291009999898776,41.945040999674077],[-75.29103699966295,41.945152000104947],[-75.291055000104606,41.945272999909058],[-75.291156000386948,41.945546999848062],[-75.291185999625867,41.945607999847347],[-75.291455999962608,41.946145000039117],[-75.291579999811162,41.946470000027155],[-75.291623000367196,41.946646999996076],[-75.291644000283583,41.946795999894668],[-75.291666999849809,41.946986000183998],[-75.291683999568249,41.947299000262674],[-75.291712999880559,41.947677999763229],[-75.291719999553251,41.947982999671289],[-75.291707999857678,41.948135000324882],[-75.291651999781195,41.948448000107277],[-75.291645000108502,41.948627000271841],[-75.291670000222851,41.948780000226861],[-75.291726000299363,41.949127999896753],[-75.291733999796961,41.949391999715353],[-75.291707000032787,41.94991700029636],[-75.291685000291466,41.950345000005164],[-75.291662999651848,41.95059199974849],[-75.291639000260716,41.950783999688447],[-75.291614999971259,41.950870000086454],[-75.291533999780427,41.951047999997805],[-75.291443000442129,41.951327999940894],[-75.291380999619548,41.951644999907117],[-75.291363999901108,41.951930999948544],[-75.29138499981751,41.95217599999603],[-75.291423000350647,41.952300000171057],[-75.291443000442129,41.952366999728859],[-75.291466000008356,41.952444000330182],[-75.291521000259934,41.952588000164027],[-75.291585999658949,41.952744000284945],[-75.291737000170002,41.953010000030254],[-75.291973000171552,41.953300999781142],[-75.292342000242513,41.95367800015736],[-75.292564000000354,41.953865999798801],[-75.293316000385943,41.954347000045566],[-75.293580999801478,41.954439000125014],[-75.293923999933156,41.954519999874492],[-75.294457999860541,41.954634000065013],[-75.294715999603397,41.954656999826753],[-75.295217999743741,41.954663999694525],[-75.295620000324973,41.954663000286089],[-75.29609599962771,41.954658999979927],[-75.296548000437639,41.954690999749793],[-75.296719000141877,41.954705000145132],[-75.297022000090578,41.95471600031042],[-75.297232000152846,41.954707000296757],[-75.297518000383121,41.954684999961209],[-75.29801999962514,41.954576000251436],[-75.298671999553292,41.954414000123812],[-75.299334000425517,41.954237999757687],[-75.299656999567389,41.954139000131505],[-75.300420999648537,41.953859999932504],[-75.300475000075238,41.953837999972613],[-75.300835999750234,41.95362900030895],[-75.301147999919777,41.953386000026974],[-75.301361000355101,41.9531649996864],[-75.301525000386633,41.952871999773542],[-75.301593000158704,41.952811000044115],[-75.301653000433163,41.952267999868845],[-75.30173799992366,41.951657000056116],[-75.301537000082192,41.950624000224025],[-75.301419999906344,41.95032700007841],[-75.301260999897679,41.949779000024215],[-75.301181000430049,41.94946399977978],[-75.301102999713933,41.949258999781428],[-75.30098200023842,41.949020999699428],[-75.300922999788881,41.948893999993906],[-75.300880000131187,41.948730999953732],[-75.300874000283386,41.948603000166955],[-75.300921999963961,41.948460999695712],[-75.301008000177703,41.948319999752272],[-75.301142999896896,41.948192999986468],[-75.301326000195004,41.94810500029493],[-75.301549999602685,41.948068000327616],[-75.302261999805296,41.948020999868682],[-75.302584999845493,41.948012000245932],[-75.302867999702713,41.948050999938161],[-75.303210999834363,41.948135999835678],[-75.30359699962375,41.948228000194455],[-75.303646000027555,41.948240000318592],[-75.304001999679699,41.948319999752272],[-75.304487000101602,41.948407999815153],[-75.304801999745877,41.94844299990509],[-75.305299999688259,41.94857799988111],[-75.305467000092818,41.948645000010508],[-75.305734999881423,41.948752999671981],[-75.306076000363291,41.94890800032632],[-75.306415000296994,41.94908100021933],[-75.306611000115581,41.949130999718626],[-75.306832999873421,41.949150000146119],[-75.307062000202279,41.949155999787656],[-75.307213999639941,41.949143999835897],[-75.307278999937267,41.949142000177773],[-75.307436000296093,41.949093999678674],[-75.307679999795241,41.949011000052721],[-75.30786700029131,41.948955000131292],[-75.308161000019183,41.948887000160582],[-75.308602999885068,41.948800000259311],[-75.308765000266774,41.94875699968064],[-75.30893900034404,41.948741999813784],[-75.309105999850303,41.948745999823174],[-75.309352999722506,41.948780000226861],[-75.309777000045045,41.948844000308718],[-75.310176000253222,41.948892999826867],[-75.310557000019713,41.94897100011385],[-75.310941000159275,41.949102999816787],[-75.311214999795666,41.949244000032685],[-75.311486999782232,41.949411000064998],[-75.311800999601587,41.949607000176975],[-75.312158999801881,41.949801000048907],[-75.312638000375983,41.950029999885182],[-75.312916000210336,41.950198000009273],[-75.313348000030473,41.95054399967313],[-75.313628000412947,41.950813000325049],[-75.313944999707033,41.951110000210505],[-75.313978000217318,41.951149000011689],[-75.314246999830829,41.951462999819974],[-75.314654000434942,41.951984000240437],[-75.314938000117053,41.952318000208763],[-75.315097999950623,41.952497000195514],[-75.315272000027889,41.952630000054249],[-75.31551399987724,41.952769000273108],[-75.315764000122485,41.952884999795955],[-75.316216000034103,41.95302400012676],[-75.316527000378727,41.953140999953959],[-75.316876000358178,41.953280999824678],[-75.31735800040704,41.953499000146856],[-75.317447000095484,41.953538999916645],[-75.317533000309211,41.953578000235886],[-75.317799000448005,41.953738999725125],[-75.317929999969238,41.95387100024363],[-75.318057000190862,41.954110999757226],[-75.318071000434557,41.954163000156228],[-75.318135000008652,41.954401999825841],[-75.318180000214511,41.954709999856078],[-75.318201000130912,41.955110000181058],[-75.318252000184529,41.955687000253903],[-75.318293000192412,41.956164999959853],[-75.318290999644262,41.956364000162679],[-75.318264999704994,41.956575999681711],[-75.318198999582762,41.956837999965863],[-75.318184000412458,41.957013999832427],[-75.318247999986554,41.957232000078797],[-75.318367999637161,41.957425000091291],[-75.318479999790156,41.957573000151427],[-75.318644999646594,41.9578020001223],[-75.318802000005419,41.95806400004237],[-75.31904499967969,41.958476000226376],[-75.319203999688341,41.95883199982265],[-75.31934299960551,41.959234999675289],[-75.319429999644157,41.959574999718711],[-75.319484000070815,41.959833999711357],[-75.319536999774272,41.960105999872816],[-75.319638000056614,41.960311999708743],[-75.319787000019517,41.960471000251921],[-75.319959000446985,41.960600000237257],[-75.319981000188292,41.960616999951768],[-75.320193999725305,41.960757000100138],[-75.320398999764706,41.960856000133852],[-75.320730000200825,41.960979000143737],[-75.321222000295421,41.961199000134037],[-75.321765000443619,41.961467999903697],[-75.321789999659671,41.961484000085164],[-75.322075999889933,41.961665000313431],[-75.322491999816549,41.961951000146385],[-75.322896000047592,41.962299000047587],[-75.323151000315718,41.96252100006263],[-75.323414999906362,41.962764000248534],[-75.323594000006494,41.962947000073655],[-75.323869000366102,41.963226999843663],[-75.324158999896028,41.963491000045629],[-75.324378000179152,41.963712999915316],[-75.324650999990624,41.963941999864048],[-75.32504900037388,41.964208000296701],[-75.325482999843828,41.964494999992553],[-75.325891000272833,41.964768000214171],[-75.326109999657632,41.964969000099359],[-75.32630899984926,41.965230999941497],[-75.326478999728565,41.965540000308209],[-75.326717000278265,41.965978000296488],[-75.327072000105517,41.966683999843553],[-75.327334000046321,41.967183999919875],[-75.327558000352312,41.96752100000306],[-75.327758000368846,41.967741999985584],[-75.327969000256033,41.967942999838883],[-75.328252000113253,41.968146000123703],[-75.328509000031204,41.968307000212043],[-75.328785000215731,41.968448000021596],[-75.329088999989338,41.968576999886636],[-75.329359000326107,41.968664000176197],[-75.329952999629626,41.968798000213226],[-75.330824999665793,41.969026999918071],[-75.331454000027747,41.969222999816651],[-75.332479000224808,41.969508999786129],[-75.333388000070912,41.96978999994414],[-75.334253000434401,41.970057999674381],[-75.33467600003371,41.970209999777893],[-75.334797000407534,41.970253999740216],[-75.335116000249769,41.970391999758668],[-75.33540199958172,41.970534000123813],[-75.335769000002841,41.970695000187852],[-75.336106000286719,41.97084799992961],[-75.336271000143157,41.970900999850528],[-75.336416999733032,41.970903999983328],[-75.336557000373432,41.970873999984562],[-75.336683999696717,41.97080600002402],[-75.336825999986942,41.970711000055822],[-75.336979000147821,41.970608000000496],[-75.337005000087075,41.97058999978568],[-75.337280000446697,41.970453999853547],[-75.337590000068104,41.97037899996814],[-75.337852999833828,41.970367999835041],[-75.33814300026205,41.970417999999732],[-75.338581999754894,41.970573999887328],[-75.338907000343212,41.970742999779695],[-75.338975000115283,41.970778000294182],[-75.339426000201996,41.971133000131978],[-75.339692000340762,41.971282000226978],[-75.339935999839909,41.971369999975934],[-75.340275999598546,41.971491000100123],[-75.34049200040694,41.971600000263592],[-75.34055400033121,41.971636999927455],[-75.340812000074067,41.971790999885783],[-75.341053999923417,41.971942999861241],[-75.341397999879987,41.972108000250088],[-75.341591000223829,41.972216000224577],[-75.34183100042334,41.972437999745424],[-75.34206800024981,41.972743000045654],[-75.342093000364159,41.972790000305828],[-75.34222399988542,41.973051000252774],[-75.342238999954034,41.973068999772131],[-75.34227499993905,41.973270000181472],[-75.342265999718208,41.973296999699691],[-75.342243000151996,41.973509000317776],[-75.342182000052631,41.973769000213203],[-75.342145000242709,41.973991000331957],[-75.342117999580196,41.974310999737185],[-75.342075999747408,41.974637000120218],[-75.342014999648043,41.974908000104662],[-75.341990000432006,41.975005999763439],[-75.341922999586529,41.975212000176342],[-75.34187800027901,41.975350999890466],[-75.341679000087382,41.975723999723613],[-75.341458000154446,41.976040999880645],[-75.34129599977274,41.976222000157975],[-75.341238999871322,41.976285000325689],[-75.341017999938401,41.976486999669333],[-75.340454999698693,41.97720600001913],[-75.340233999765744,41.977539000301654],[-75.340068999909306,41.977856999818513],[-75.339960999954286,41.978151000088559],[-75.339910999725561,41.978367000062605],[-75.339830000433025,41.978672000018065],[-75.339766999785525,41.979059000153448],[-75.339699000013454,41.979550999766801],[-75.339644999586781,41.979916999945232],[-75.339586000035538,41.980165000271803],[-75.339493999974039,41.980387000132566],[-75.339323000269829,41.980689000090265],[-75.339098999963824,41.981083999953931],[-75.338985000161031,41.981307000275692],[-75.338934000107386,41.981407000085532],[-75.338790999992256,41.981699999672514],[-75.338390999959174,41.982344999751184],[-75.338159999980491,41.98275499990384],[-75.33798699972813,41.983114999913219],[-75.337673999733695,41.983869999832763],[-75.337545999687165,41.984264999995574],[-75.337486000311017,41.984603999733096],[-75.337501000379646,41.984821999727544],[-75.337539999839379,41.985032000174144],[-75.337631000075987,41.98541699986167],[-75.337672999908776,41.985829000106754],[-75.33763699992376,41.986275999698954],[-75.337601999763663,41.986699999953537],[-75.337516000448261,41.98682199990364],[-75.337616999832278,41.987241000031709],[-75.337760999772314,41.987447000261128],[-75.338171999676064,41.987847000047402],[-75.338464999579031,41.988211999729252],[-75.338749999984373,41.988698999680658],[-75.338888999901542,41.989050999833538],[-75.339329000117601,41.990237999731761],[-75.339536999631747,41.990809999935259],[-75.339637000089184,41.991018999818841],[-75.339779000379394,41.991258000109781],[-75.339982999695593,41.991559999914735],[-75.340181000062316,41.991841999752175],[-75.340433999782292,41.992163999899731],[-75.340639999646626,41.992418000168989],[-75.340816000272028,41.99261000026241],[-75.341079000037752,41.992856000265888],[-75.34131199966626,41.99302599992442],[-75.341585000376057,41.993182999987383],[-75.341966999967468,41.993389999818632],[-75.342166999984002,41.993497000286723],[-75.342422000252142,41.993625000023798],[-75.342710000132215,41.993737000083385],[-75.342984999593511,41.993811999834229],[-75.343146999975218,41.993879999932567],[-75.343607000282773,41.994073999872647],[-75.344244000142311,41.994446000072223],[-75.344795999613041,41.994721999784431],[-75.345461999784916,41.994990000081884],[-75.34600599975802,41.995172000014179],[-75.346568000172823,41.995324000263096],[-75.348260000366665,41.995650999989735],[-75.348811000012475,41.995734999715644],[-75.349948000362545,41.99595800012716],[-75.350774000367977,41.996177000055212],[-75.351094999860024,41.996262999936732],[-75.352607999953719,41.996767999877228],[-75.353941000122347,41.997215000099487],[-75.35432799973664,41.997331000147391],[-75.354721999921935,41.997471999788544],[-75.355044999962132,41.997614999924636],[-75.355505000269659,41.997832000026257],[-75.355905000302741,41.998003999873355],[-75.35651799987285,41.998268000131674],[-75.356715000414653,41.998352999799657],[-75.356998000271872,41.99847500011434],[-75.359645000342582,41.999553999686952],[-75.360525999701281,41.999553999686952],[-75.361556999746114,41.999552000275706],[-75.361733000371544,41.999551000236316],[-75.379424000267122,41.99950000020759],[-75.379585999750503,41.99950000020759],[-75.398430999714577,41.999455999757238],[-75.40157599972764,41.999455999757238],[-75.401630999979233,41.999455999757238],[-75.401713999819933,41.999455999757238],[-75.403607999680119,41.999451000220027],[-75.404221999973444,41.999449000137993],[-75.405535000050591,41.999446000014821],[-75.422918999799521,41.999399000069317],[-75.429951000165502,41.999382000023701],[-75.430121000044821,41.999357999676647],[-75.431961000376646,41.99936299988876],[-75.432087999699959,41.9993619998464],[-75.432199999852941,41.9993619998464],[-75.436084999657709,41.999353000131684],[-75.436216999902214,41.999353000131684],[-75.436674999661591,41.999331999902381],[-75.436709999821701,41.999330999859538],[-75.43686200015766,41.999326000312443],[-75.437062999999114,41.999344999790843],[-75.437252000144994,41.99936299988876],[-75.443916000264949,41.999341000287615],[-75.465710000423528,41.999271999972017],[-75.467523000092854,41.999260000112677],[-75.475938999782798,41.999234000298429],[-75.476491999976773,41.999240999941357],[-75.477180999714847,41.999241999985621],[-75.48206099957946,41.999249000295279],[-75.483140000203193,41.99925099971599],[-75.483121999761551,41.998749000274991],[-75.482529000282909,41.987998999761245],[-75.482383999619643,41.986178000022633],[-75.482376999946965,41.986094999953934],[-75.48067300005755,41.958351000023974],[-75.480622999828853,41.95736900021361],[-75.480576999798103,41.956468999962183],[-75.479662999929104,41.938425000279764],[-75.479656000256412,41.938280999859998],[-75.479334000041149,41.931063000003974],[-75.479183000428392,41.927669999935397],[-75.479180999880256,41.927629999975117],[-75.479020000221794,41.925064999779323],[-75.479007999627896,41.924866000124922],[-75.478994000282512,41.924647000268116],[-75.47873499981641,41.920503000247258],[-75.478573000333029,41.91575200023437],[-75.478376999616131,41.911692999806448],[-75.478391999684746,41.911547999789128],[-75.478451999959191,41.910951000185243],[-75.478460000355128,41.910875999806592],[-75.47846700002782,41.910799999912406],[-75.478467999852739,41.910779999995633],[-75.47846700002782,41.910769999700577],[-75.478462000004953,41.910681999844648],[-75.478461000180033,41.910652999675634],[-75.478383000362228,41.909180999839059],[-75.478149000010504,41.904767000297717],[-75.47813899996477,41.904568999716503],[-75.478072000017605,41.90329600000846],[-75.477973000283413,41.901422000268902],[-75.477943999971075,41.900852999945279],[-75.477740999581499,41.897009000199873],[-75.477358999990074,41.889773999708531],[-75.47717400004214,41.886280000327361],[-75.477164999821326,41.886117000119974],[-75.476882999789012,41.880738999982349],[-75.47687699994124,41.88061900007402],[-75.476870000268534,41.880478999896106],[-75.476886999986974,41.880262000050962],[-75.476897000032722,41.880143999730272],[-75.476921000322164,41.879596999949037],[-75.476994000117088,41.87907500027918],[-75.476974999850526,41.878911999749555],[-75.476963000154953,41.878809999801611],[-75.476955999583936,41.878744999756421],[-75.476950999561083,41.878696999793796],[-75.476942000238566,41.878617999930071],[-75.477018000406545,41.878508999983204],[-75.47689200000984,41.878069999855086],[-75.476742000222018,41.877545999855634],[-75.476687999795345,41.877033999714207],[-75.476641999764595,41.876636999917828],[-75.476461999839543,41.875081999713544],[-75.476439000273331,41.874823000012952],[-75.476410999785912,41.874509000205457],[-75.476395999717298,41.874008999854567],[-75.476377000349032,41.873355999731118],[-75.476375999625816,41.873333000085566],[-75.47637200032618,41.873166000229752],[-75.476317000074573,41.872563000166409],[-75.476235000058807,41.87167799988255],[-75.476071000027289,41.869882000264063],[-75.47597599959272,41.868837999846328],[-75.475810999736296,41.867031000144735],[-75.47531699999189,41.861613000254522],[-75.475152999960343,41.859806999960725],[-75.474957999966676,41.85766700021334],[-75.474772000193838,41.855512000073645],[-75.474709000444648,41.854792999746408],[-75.474638000299535,41.853960000142095],[-75.474526000146554,41.852663999861768],[-75.474505000230153,41.852418999758513],[-75.474465999872095,41.85195499977447],[-75.474418000191505,41.851126000118612],[-75.474347999871298,41.849885999889402],[-75.474275999901295,41.848642000120599],[-75.47422800022072,41.847814000100165],[-75.474210999603969,41.847529999949245],[-75.474188000037742,41.84710699996954],[-75.474162999923394,41.846680000154478],[-75.474147999854779,41.846397000088935],[-75.474136999984125,41.846212000286947],[-75.474104000372151,41.845659999680528],[-75.474094000326417,41.845476000204563],[-75.474073000410016,41.845106000092869],[-75.473757000042511,41.839582999893565],[-75.473751000194738,41.839475000192067],[-75.473696999768066,41.838529999713913],[-75.473439000025209,41.83397600026808],[-75.473225999589872,41.82997300017994],[-75.472746999914051,41.820876999937553],[-75.472736999868317,41.820702999833529],[-75.472710000104144,41.820181000031994],[-75.472700999883315,41.820008000223417],[-75.472698000408585,41.81995100007962],[-75.472695999860449,41.819901999985966],[-75.472691999662487,41.819833999766487],[-75.472671999571006,41.819409999959184],[-75.472606000347085,41.817935999712986],[-75.472583999707453,41.817445000198283],[-75.472580000407802,41.817371000070445],[-75.472576000209841,41.817281999893879],[-75.472570000362069,41.817151999842501],[-75.472567999813919,41.817079000269594],[-75.472561000141226,41.816936000213971],[-75.472541999874664,41.816507000139723],[-75.472537999676703,41.816413999833557],[-75.472535000201972,41.816364999711546],[-75.472527999630955,41.816237000281596],[-75.472517999585222,41.816046999798303],[-75.472506999714568,41.81585599984728],[-75.472500999866782,41.815729000314633],[-75.472498000392036,41.815669999887291],[-75.472494000194075,41.815582999850214],[-75.472489000171208,41.815495000115703],[-75.472485999798167,41.815436999722479],[-75.472469000079727,41.815130000009809],[-75.47244499979027,41.814671000082726],[-75.472419999675921,41.814210999945004],[-75.472403999782401,41.813904999985638],[-75.47239899975952,41.81380699988209],[-75.471919000258808,41.805651999850589],[-75.471896999619204,41.805188000267442],[-75.471875999702803,41.804753000033735],[-75.471870999679922,41.804649999909216],[-75.471809999580557,41.803389000006611],[-75.471790000387401,41.802940999858585],[-75.471561999883434,41.798128999912691],[-75.471537999593991,41.797604999915237],[-75.471523000423687,41.797314000282419],[-75.471478000217843,41.796441000153202],[-75.471463999974148,41.796150999804212],[-75.471375000285676,41.794371999840962],[-75.471108000322005,41.789037999700163],[-75.471056000443468,41.787977000043135],[-75.471019999560141,41.787260999946312],[-75.470969000404821,41.786412999692232],[-75.470913000328338,41.785393000138235],[-75.470899000084614,41.785210000307949],[-75.470895999711573,41.78515600017041],[-75.470894000061762,41.785126999978544],[-75.470883000191108,41.784948999668288],[-75.470864999749438,41.784637000250349],[-75.470807000023115,41.783625999924212],[-75.470781999908752,41.783186000278334],[-75.470774000411168,41.783064000045911],[-75.470752999596456,41.782700000147095],[-75.470745999923736,41.782578999752587],[-75.470744000273925,41.782549000311434],[-75.470739000251072,41.782462000178093],[-75.470738000426152,41.782433000107403],[-75.470720999809402,41.782137000091161],[-75.470669999755756,41.781252000222828],[-75.470653000037345,41.780957000231886],[-75.470569000371754,41.779508999801251],[-75.470316999578358,41.77516600017001],[-75.470233999737673,41.773718999852605],[-75.470231000262942,41.773668000112593],[-75.470222000042114,41.773513999745099],[-75.470218999669058,41.773464000076991],[-75.470215000369407,41.77339999974825],[-75.470203999600443,41.773210999765411],[-75.470201000125712,41.773148000094018],[-75.470189000430153,41.772938999869027],[-75.470153000445137,41.77231400030351],[-75.470140999851267,41.772106000297036],[-75.470092000345772,41.771317999991112],[-75.469945000032666,41.768955999892363],[-75.469897000352105,41.768169000068767],[-75.469895999628861,41.768152000029062],[-75.469893000154144,41.768100999882876],[-75.46989200032921,41.768083999825151],[-75.468763000375077,41.750082999801364],[-75.468651000222096,41.749303999914027],[-75.468233999572249,41.74162199990861],[-75.468233999572249,41.741602000025125],[-75.467508999849173,41.729727000119915],[-75.467371999581815,41.727483999860873],[-75.467343999992735,41.727019999782542],[-75.467307000182799,41.726418000324628],[-75.467050000264862,41.722387999944637],[-75.466364000001505,41.709819000075377],[-75.4660810001443,41.704647000234878],[-75.466075000296513,41.704531000047979],[-75.465882999777563,41.701715000155282],[-75.465738999837527,41.699363000241711],[-75.465707000050472,41.698853999854997],[-75.465650000149068,41.697955000141391],[-75.465610999791011,41.697327000011093],[-75.465579000003956,41.696818999695672],[-75.465481999919575,41.695166999856077],[-75.465399999903809,41.693769999935327],[-75.465394999880957,41.693693999679681],[-75.465251999765812,41.691225000015393],[-75.465194000039475,41.69021399988555],[-75.465098999604933,41.688562999668768],[-75.465045999901477,41.687612999992055],[-75.465031999657782,41.687364999945132],[-75.464829999991423,41.683772000050432],[-75.464763000044272,41.682574999982869],[-75.463866999718633,41.667634999754682],[-75.463865000068822,41.667586000047947],[-75.463694000364583,41.663773999937661],[-75.463619999846429,41.662961999706525],[-75.463525000310185,41.662964000263507],[-75.463520000287303,41.66286900024717],[-75.463485999952127,41.6622449997082],[-75.463422000378017,41.661003999765747],[-75.463356000255786,41.659737000254232],[-75.463279000262887,41.658936000183893],[-75.463269000217153,41.658727000043989],[-75.463256999623269,41.658457999822652],[-75.462798999863864,41.650261000092371],[-75.462655999748733,41.647986000163407],[-75.462506999785816,41.645826999960754],[-75.462480999846562,41.645213000280862],[-75.462480000021642,41.645197999686303],[-75.462478000371817,41.645155000334427],[-75.462478000371817,41.645140999946044],[-75.462474999998761,41.645059000007471],[-75.462466999602853,41.644673999727502],[-75.462465999777933,41.644587000067425],[-75.462460999755066,41.644323999917802],[-75.462278000355269,41.64195500007429],[-75.462238000172306,41.641583000262827],[-75.462411000424666,41.641587000019555],[-75.463018000146988,41.641590999776035],[-75.464840999862091,41.641605000264484],[-75.464968999908592,41.6416059998677],[-75.465447999584384,41.641581999987906],[-75.466210000015721,41.641546000151514],[-75.468496000411406,41.641444000170104],[-75.469258999769323,41.641410000140432],[-75.470315999753439,41.641464999942528],[-75.470371999829922,41.641468999706582],[-75.473486999705784,41.641631000012673],[-75.474543999689899,41.641686999899399],[-75.47477800004161,41.641698999820861],[-75.474901000065273,41.641695999672905],[-75.475338999733182,41.641688999774608],[-75.477727000236115,41.641647999971418],[-75.47788399969663,41.64164600009498],[-75.478523000104317,41.641634999766417],[-75.478552000416641,41.641634000163656],[-75.478638999556949,41.641634000163656],[-75.478668999694179,41.641634000163656],[-75.479291000383441,41.641627999861512],[-75.480169000267395,41.641620999955833],[-75.484670999840247,41.641583000262827],[-75.486086999849547,41.641571000319765],[-75.486172000238369,41.641570000044659],[-75.489338999992739,41.641544000271857],[-75.498841999804029,41.641466999824587],[-75.502010000281629,41.641442000287327],[-75.505705999940517,41.641442000287327],[-75.514046000360779,41.641442000287327],[-75.516793999815519,41.641442000287327],[-75.520210999815149,41.64144299989308],[-75.520490000372718,41.641449000212447],[-75.521073999630516,41.641469999983251],[-75.522832999771481,41.641536000081473],[-75.523635000385795,41.641548000031051],[-75.525710999820873,41.64157699995588],[-75.527178999708724,41.641615999926827],[-75.527603000031249,41.641627000258623],[-75.527792000177129,41.641631000012673],[-75.527885000063549,41.641632000286776],[-75.527961000231528,41.641629999738505],[-75.529435999792085,41.641588000294341],[-75.529526000203759,41.64158500014122],[-75.529759999657188,41.641597999684969],[-75.530359999706803,41.641622999833046],[-75.53127600012391,41.641659000297764],[-75.531309999560804,41.641659999900149],[-75.532058999573337,41.641622000230136],[-75.532249000442434,41.641619999681552],[-75.532821000004674,41.641617000201215],[-75.533012999625285,41.641617000201215],[-75.533031999891861,41.641622999833046],[-75.53491800025445,41.641602000112101],[-75.537077000428525,41.641578000230872],[-75.540578999918665,41.641539000236925],[-75.541121000241958,41.641532999925886],[-75.542162000332553,41.641520999973565],[-75.54246500028124,41.641497000062117],[-75.542523000007577,41.641493999904711],[-75.542589000129809,41.64149200002349],[-75.542698999734668,41.641488999865899],[-75.542758000184222,41.641488000260864],[-75.54303699984348,41.641485999708117],[-75.543876000267701,41.641483999826654],[-75.544155999751851,41.641483000221534],[-75.544653999694233,41.641480999668637],[-75.546027999870759,41.64147500002359],[-75.551644000227427,41.64145100009501],[-75.553321000352653,41.641446000052809],[-75.553517000171254,41.641444000170104],[-75.553764999868349,41.641444999775814],[-75.554512000231057,41.641449000212447],[-75.5547609997531,41.64145100009501],[-75.569135999931376,41.641764999684533],[-75.569823000019653,41.64176099993886],[-75.570516999780594,41.641759999666753],[-75.572598999961784,41.641759999666753],[-75.573294000445941,41.641759999666753],[-75.573379999761357,41.641759999666753],[-75.57398800020691,41.641769999701978],[-75.576067000015044,41.641811000098826],[-75.576633999554375,41.641822999997203],[-75.576760999775985,41.641826000139297],[-75.579945000147106,41.6418410001762],[-75.589499999836931,41.641886999864923],[-75.592685999857892,41.641903999756181],[-75.593675000069922,41.641903999756181],[-75.594323999625047,41.641903999756181],[-75.595050000071367,41.641903999756181],[-75.596644000355909,41.641903999756181],[-75.597634000392873,41.641903999756181],[-75.5980369999007,41.641903999756181],[-75.599247000045693,41.641903999756181],[-75.599651000276737,41.641903999756181],[-75.599728000269621,41.641903999756181],[-75.601372999709469,41.641921999912554],[-75.606538999804357,41.641980000083862],[-75.608222999602262,41.642000000084572],[-75.608261999960334,41.642000000084572],[-75.610370000080778,41.642011999947748],[-75.616696000091935,41.642050000059108],[-75.618805000037284,41.642063000180386],[-75.618835000174514,41.642063000180386],[-75.618858999565646,41.642063000180386],[-75.61893399990872,41.642063000180386],[-75.618959000023054,41.642063999776497],[-75.619101000313293,41.642058000185671],[-75.619529999760374,41.642041000335084],[-75.619672999875505,41.642035999667343],[-75.619847999777704,41.642028999805987],[-75.620371999659341,41.642008000217352],[-75.620548000284742,41.642001999950025],[-75.620892000241327,41.641988000219172],[-75.621925999760904,41.641948000204131],[-75.622271000440719,41.641935000059654],[-75.622380000220659,41.641935000059654],[-75.622706999560506,41.641938000196532],[-75.622817000063662,41.64193899979459],[-75.62388099972047,41.641945000067778],[-75.625048000207755,41.641951999938257],[-75.625167000033443,41.64195300020738],[-75.627072999589217,41.641965000079296],[-75.62813799996924,41.641971999947607],[-75.62850200001732,41.641975000082759],[-75.629105000439992,41.641980000083862],[-75.632007999705422,41.642005999680748],[-75.632976000001051,41.642015000080981],[-75.633730999861399,41.642013999812825],[-75.635997000165588,41.642013999812825],[-75.636752999850799,41.642013999812825],[-75.636813000125287,41.642013000215933],[-75.63699399987523,41.642013000215933],[-75.637054999974609,41.642013000215933],[-75.637069000218318,41.642013999812825],[-75.637115000249068,41.642015000080981],[-75.63713500034055,41.642016999945973],[-75.637391000433595,41.642025999673393],[-75.640708999800708,41.642063999776497],[-75.648619000050672,41.642153000018631],[-75.650462999682162,41.64217400023135],[-75.650712999927421,41.642176999685717],[-75.651039000340631,41.642181000076953],[-75.65218699966303,41.642196000031234],[-75.652201999731659,41.642194999765884],[-75.652498999832574,41.642138000054295],[-75.652729999811243,41.642093000140434],[-75.65280000013145,41.642078999758013],[-75.653487000219712,41.642151999752571],[-75.65387499965891,41.642192999906371],[-75.655734000257326,41.642172999965609],[-75.656120999871632,41.642169999839673],[-75.657037000288739,41.642167999979428],[-75.670567000195021,41.642131999799084],[-75.677398999646144,41.642113000106022],[-75.687873000126132,41.642156999739989],[-75.698312000446023,41.642199999749913],[-75.70518599972992,41.642229000052694],[-75.718878000017909,41.642260999792875],[-75.719760000099853,41.642263000321563],[-75.719887000321478,41.642263000321563],[-75.719992999728362,41.641995999682145],[-75.720023999690497,41.641918999774937],[-75.720118000300133,41.641686000297483],[-75.720181000049323,41.641568999769596],[-75.720463000081637,41.640748000291971],[-75.720624999565032,41.64047299976621],[-75.720689000037439,41.640248000111029],[-75.720703000281148,41.640000000171703],[-75.720668000121037,41.639900999988932],[-75.720661000448359,41.639882999939381],[-75.720643999831609,41.63983300029745],[-75.720621000265396,41.639766000165935],[-75.720628999762994,41.639693999786672],[-75.720637000158902,41.639623000303615],[-75.720661000448359,41.639410000042382],[-75.72061500041761,41.639289999821578],[-75.7206010001739,41.639252000096697],[-75.720575000234646,41.639183999720409],[-75.720525999830841,41.639102000257246],[-75.720279999783529,41.638804000166907],[-75.720092000360864,41.638625000058468],[-75.719923000306466,41.638498999796525],[-75.719792999711814,41.638405000271845],[-75.719658999817511,41.638310999938746],[-75.719478000067539,41.63823800029251],[-75.719139000133822,41.638119000232145],[-75.718979000300266,41.638080999816786],[-75.718961999683515,41.638076999842404],[-75.718872000170137,41.638033000108152],[-75.718781999758463,41.637966999778996],[-75.718698000092857,41.637893000082357],[-75.7186649995826,41.637849000222431],[-75.718607999681183,41.637869000162496],[-75.71859500016069,41.637752000089456],[-75.718566999673314,41.637680000145536],[-75.718534999886259,41.637538000020371],[-75.718484999657548,41.637193000091244],[-75.718448999672532,41.637027999676612],[-75.718448999672532,41.63687500033064],[-75.718507000297151,41.636658000323855],[-75.718611000054239,41.636422999913222],[-75.718687000222232,41.636271999845754],[-75.718774000260851,41.636112999903581],[-75.71888399986571,41.636037999731414],[-75.71907100036178,41.635919000308562],[-75.719251000286832,41.635865000165126],[-75.719462999998939,41.635777000331714],[-75.719622000007604,41.635738000184041],[-75.71987499972758,41.635635000042072],[-75.720068000071421,41.635511999741624],[-75.720388999563468,41.635323000198028],[-75.720551999770095,41.635209999683937],[-75.720752999611548,41.635077999890164],[-75.720900999749546,41.634984999781565],[-75.721055999560235,41.634895999710835],[-75.721324000247179,41.634782000081898],[-75.721486999555466,41.634685000032768],[-75.721696999617762,41.634578000030729],[-75.721992999893772,41.63458700012557],[-75.722522999623195,41.634577000318487],[-75.722941000097933,41.634599999738178],[-75.723357000024549,41.634641999708158],[-75.723683000437774,41.634673999858805],[-75.723829999852555,41.634687999835748],[-75.72419499972554,41.634740000203145],[-75.724485000153763,41.634779999992389],[-75.724707999736538,41.634798999833258],[-75.725141000279876,41.634830000197603],[-75.725337999923369,41.634874999811998],[-75.725579999772719,41.634959999743934],[-75.725978999980896,41.635039999695948],[-75.727148000118007,41.635305999913506],[-75.727831999833214,41.635431999704046],[-75.727923000069794,41.635457000230005],[-75.728262000003511,41.635542999763025],[-75.728575999822866,41.635633999674837],[-75.728679999579953,41.635502000078056],[-75.744019999680845,41.614828000308272],[-75.749790000023296,41.607061999844788],[-75.752730999821864,41.603099999673347],[-75.754145000181353,41.601197000217951],[-75.755660999749793,41.599154000222853],[-75.756242000431143,41.598371999950182],[-75.757260000057215,41.596999000033918],[-75.757612000409708,41.596525999911897],[-75.757932000076835,41.596094999904139],[-75.758248000444354,41.595689999842655],[-75.760807999578105,41.592222000182048],[-75.762739999971444,41.589629999754109],[-75.765109000207801,41.58642899976946],[-75.765717999579934,41.585609000104043],[-75.76580100031893,41.585497000295184],[-75.766142999727379,41.585036000266108],[-75.769462999642627,41.580560000244603],[-75.769513999696244,41.580490999915625],[-75.774289999803798,41.574047999777989],[-75.771621999816688,41.57108100027299],[-75.770933000078614,41.570298999993234],[-75.770220999876003,41.569498000074375],[-75.769912000079501,41.569151999705987],[-75.769296999961284,41.56846599984825],[-75.769368999931288,41.568370999665035],[-75.769421999634744,41.568300999688233],[-75.770045000148912,41.56746799999042],[-75.772456000218057,41.564250000142295],[-75.775299000107324,41.560467000050288],[-75.775411000260306,41.560313999904992],[-75.775496999575722,41.560200000207061],[-75.775812000118307,41.559778000141236],[-75.775931999768915,41.559621000246487],[-75.776031000401431,41.559489999896854],[-75.776411000343032,41.558981999903551],[-75.776772999842962,41.558499000055868],[-75.777295000074787,41.557796000145473],[-75.777326999861828,41.557749000072867],[-75.777381000288514,41.557682000038994],[-75.777582999954859,41.557410999845466],[-75.779322999829276,41.55509699988513],[-75.779917000031119,41.55426200014206],[-75.780380999638311,41.553587999684162],[-75.783858999737305,41.548672999822394],[-75.784202999693903,41.548184999702194],[-75.784488999924164,41.547781000055963],[-75.784734999971448,41.54743300027382],[-75.784827999857882,41.547302000096579],[-75.784985000216707,41.547079000277535],[-75.785028999699321,41.547016999907783],[-75.787503000415981,41.543530999697261],[-75.787691999663551,41.543299000264575],[-75.788227000314166,41.542646000148764],[-75.788624999799097,41.542155000187023],[-75.789178999817977,41.541474999700291],[-75.789333999628667,41.541284000035276],[-75.78935899974303,41.541251999955257],[-75.789562999957525,41.541001999667586],[-75.789668000437828,41.540874000039082],[-75.791367000304362,41.538800000270498],[-75.792522000197764,41.537372000148324],[-75.802950999573582,41.524569000126633],[-75.803230000131151,41.524227000314241],[-75.801286999867159,41.523092000014181],[-75.794144999896304,41.518923999767374],[-75.788433000178486,41.515584000040043],[-75.787881999634337,41.515263000316487],[-75.783830000323306,41.512901999697739],[-75.776151000052039,41.508423999860298],[-75.771626000014649,41.505792999841418],[-75.773358000391468,41.503623999768401],[-75.776227000220018,41.500036999948087],[-75.778556000273412,41.497117000278415],[-75.782103999794273,41.49268800016312],[-75.786704000174723,41.48691400000186],[-75.788728999556184,41.484367999947501],[-75.789737999859724,41.483105999849741],[-75.790215999710597,41.482494999970733],[-75.80103900017005,41.468866000039853],[-75.801633000371879,41.468117999982738],[-75.803138999894571,41.466270000302316],[-75.807314999952482,41.461052000255762],[-75.809663000272437,41.458121000031845],[-75.811557000132638,41.45576200026882],[-75.811665000087672,41.455628000292727],[-75.811757000149186,41.455516000170668],[-75.812377000290297,41.454738999932268],[-75.812397000381765,41.454715999733956],[-75.817317000429355,41.448541999721883],[-75.821899000368134,41.442793000177396],[-75.821993000079473,41.4426780001493],[-75.822383000066807,41.442185000125832],[-75.822504000440645,41.442033999727286],[-75.82463199975426,41.439362999712948],[-75.825539999775458,41.43822300009613],[-75.82825399979329,41.434817999944165],[-75.83175100015886,41.430428000000433],[-75.832193000024759,41.429861000224001],[-75.833219999871631,41.42856299991147],[-75.8336469996689,41.428059000095558],[-75.834202000410997,41.427361000074193],[-75.83451200003239,41.426964999856182],[-75.834554999690098,41.426911999687995],[-75.834861000011841,41.426764000158357],[-75.835230999907708,41.426585999913151],[-75.836172000439177,41.426142999674212],[-75.836814000321596,41.42582699987674],[-75.839232000063433,41.424657999970677],[-75.839287000315025,41.424633000025196],[-75.848129999802225,41.422489000145106],[-75.848278999765142,41.422456000325163],[-75.848985000119967,41.42227399985358],[-75.850856000413955,41.421819000147856],[-75.862007000038133,41.419100000147438],[-75.868425999935695,41.417566999851715],[-75.869529999775494,41.41730100026291],[-75.870944000134969,41.416958999960748],[-75.874139000376758,41.416184000278292],[-75.874843000183461,41.41601300010619],[-75.875017000260726,41.415971000125069],[-75.877901000157891,41.415271999772195],[-75.878072999687021,41.41522999998562],[-75.878747000254805,41.415066000205961],[-75.888599000045545,41.412670000280073],[-75.901405000053643,41.409562999957302],[-75.922045999968631,41.405065999689988],[-75.922543000086094,41.404959999950329],[-75.926433999738649,41.404078000216707],[-75.929143999558548,41.403472999829894],[-75.929597000193397,41.403366000265642],[-75.931101000066249,41.403015999956345],[-75.932262999632343,41.40273800023482],[-75.945092000104978,41.399691000030394],[-75.946489999672622,41.399356999871038],[-75.953720000405326,41.397638999852397],[-75.953821999614249,41.397613000279108],[-75.953879000413977,41.397600000151634],[-75.954846999811323,41.397370000161878],[-75.959977999746101,41.396149999938565],[-75.959998999662503,41.396144999777256],[-75.960283000242953,41.396076000208033],[-75.96088800031545,41.395931999962777],[-75.961105999875343,41.395874999932012],[-75.963244999957922,41.395367999692986],[-75.963326999973688,41.395351000286382],[-75.963577000218933,41.395292000329199],[-75.967112000219345,41.394449999764497],[-75.968228999579608,41.394183999867302],[-75.96832400001415,41.39415999971159],[-75.968442999839851,41.394133000031189],[-75.968838999674972,41.394032000303795],[-75.979934999945883,41.391753000017324],[-75.982852000353319,41.391154000115009],[-75.98325099966317,41.39106700000206],[-75.98326999992976,41.391063000234176],[-75.985085999972142,41.390506999780627],[-75.986720000439661,41.390033999716792],[-75.988960999731191,41.389357000315876],[-76.005069999936097,41.384550999954023],[-76.007173000033674,41.384453000130222],[-76.021502000181215,41.383909999936343],[-76.025396000206825,41.383762000158448],[-76.02662499972007,41.383714000230981],[-76.031116000320566,41.383535999966028],[-76.042157000339898,41.383106999888646],[-76.046600000361494,41.382935000049478],[-76.052472999737816,41.382706000309909],[-76.054077000068091,41.382664999932956],[-76.054399000283382,41.382658999842725],[-76.054590999903979,41.382649000140489],[-76.063272999732703,41.382426000180082],[-76.063047999601821,41.379899999685847],[-76.062515000397667,41.374025000209031],[-76.062368999909467,41.372867000033011],[-76.062199999855082,41.372410999748531],[-76.062851999783234,41.37133700026817],[-76.063743000085992,41.36987300009617],[-76.065358000286935,41.370149999715565],[-76.065811000023473,41.368764000157796],[-76.066529000073885,41.366451000332404],[-76.067410000330895,41.363669000249416],[-76.068987999823591,41.358329000294582],[-76.068208999673828,41.358224999747719],[-76.068131999680915,41.358213999719027],[-76.067935999862357,41.358181000296199],[-76.062905000385001,41.357337000032963],[-76.057125999821693,41.356212999926854],[-76.056550000061534,41.357786999744235],[-76.055669999629416,41.360189000319572],[-76.053966999564921,41.361021999779453],[-76.054221999833047,41.36132499993326],[-76.051213000262436,41.362602999730917],[-76.050818000252207,41.361910999668353],[-76.050194999738054,41.360826999775476],[-76.050286999799567,41.360791999851223],[-76.051457999586489,41.360324000307678],[-76.050024000033829,41.35829199982085],[-76.049637000419537,41.358080000017488],[-76.04941200028864,41.357959999949983],[-76.049358999686874,41.357927999669876],[-76.048613999872302,41.357519000329823],[-76.048782999926701,41.357324999899163],[-76.049777999986532,41.356118999781131],[-76.047559000436323,41.35457500001143],[-76.047039999679242,41.354209999973925],[-76.048480999802919,41.353035000114858],[-76.04737799978804,41.352285999664531],[-76.047826000400022,41.35192200031689],[-76.048717999629389,41.351727000021867],[-76.048597999978767,41.351322999716729],[-76.048997000186944,41.351708999954781],[-76.050543999717505,41.351624999800833],[-76.05221699964477,41.351947999952444],[-76.054226000031008,41.351263000225394],[-76.054842999799064,41.351052999884381],[-76.05587100036918,41.350192999898091],[-76.056350999869906,41.349797000080386],[-76.056774000367511,41.348577000180164],[-76.056883000147451,41.348261000148732],[-76.056988999554349,41.347954000149691],[-76.057041000331196,41.347901000275733],[-76.057668999969906,41.347258999788174],[-76.057283000180533,41.347055000022273],[-76.056159000249266,41.346464000127085],[-76.056103999997688,41.346433999835291],[-76.058803999771825,41.342640999852151],[-76.059016000382258,41.342352000293502],[-76.056175999967721,41.34191400004844],[-76.053570999729814,41.341531000333241],[-76.053293999720381,41.341844000075064],[-76.052890000387634,41.342178999748029],[-76.052557000301718,41.342476999699926],[-76.052152000245755,41.342821999919082],[-76.051814999961877,41.343042999728482],[-76.051339999585721,41.343376999808463],[-76.050799999810536,41.34367900033233],[-76.050335000378453,41.34385600023851],[-76.050045999775136,41.343966999911345],[-76.049890999964447,41.344025999897404],[-76.049338999595406,41.344157999889767],[-76.048832000330492,41.344255999721284],[-76.048289000182294,41.344295999871598],[-76.04774000018628,41.344282999876036],[-76.046506999576764,41.344530000022743],[-76.045180999979124,41.344728000064464],[-76.040115000341686,41.345482999944139],[-76.039639000140625,41.345554000188123],[-76.039547999904016,41.344461999794568],[-76.039494000375655,41.343965999751099],[-76.037001000290758,41.344048000027136],[-76.034714999895073,41.344122999769688],[-76.034427000014986,41.344147000181643],[-76.034379000334411,41.344135000314012],[-76.034350999846993,41.343914000164098],[-76.034098999951922,41.341845000267902],[-76.034175000119902,41.341809000060103],[-76.034256000310776,41.341775000220295],[-76.034336999603312,41.341744000271525],[-76.034420000342294,41.341716999738424],[-76.034505999657711,41.34169200025903],[-76.034592999696343,41.341670000007781],[-76.034683000108018,41.341648999945008],[-76.034775000169532,41.341629000071563],[-76.034867000231031,41.341610999910472],[-76.034959000292559,41.341592000222093],[-76.035058000026751,41.341574000050777],[-76.035156999760943,41.34155599987448],[-76.035227999906056,41.341544999726793],[-76.035458000059833,41.341513000145056],[-76.035559000342175,41.341500999792032],[-76.035659999726192,41.341490000309506],[-76.035769000404471,41.341479000150713],[-76.035878000184411,41.341469000188638],[-76.035986999964351,41.341460999948119],[-76.03609599974429,41.341453999905511],[-76.036203999699325,41.341449000259963],[-76.036310999829439,41.3414469998621],[-76.036417999959568,41.3414469998621],[-76.036664000006866,41.341459999749375],[-76.03743300011088,41.341531999856485],[-76.037821000448389,41.341603999883937],[-76.03811299962814,41.341699000276108],[-76.038222000306391,41.341760000007604],[-76.038340000307173,41.341831999782983],[-76.038700999982197,41.34197899966739],[-76.038982000189591,41.34204100000089],[-76.039048000311837,41.342049000170114],[-76.039115000258988,41.342053999769597],[-76.039183000031045,41.34205799985358],[-76.039251999628007,41.34205799985358],[-76.039321000123323,41.34205499995921],[-76.039389999720285,41.342049000170114],[-76.03946699971317,41.342035000210515],[-76.039543999706055,41.342017000161583],[-76.039644999988411,41.341988000034924],[-76.039828000286519,41.341907000054533],[-76.040058000440283,41.341758999813457],[-76.040245000038027,41.34155599987448],[-76.040325000403968,41.341382999912099],[-76.040333999726499,41.341137000172296],[-76.040277999649973,41.340908999863352],[-76.039795999601139,41.339827000027803],[-76.039582000239221,41.339489999938273],[-76.039372000176925,41.33926699974689],[-76.039153999718721,41.339099000274935],[-76.039084000296853,41.339053000239588],[-76.03886599983862,41.338925999855967],[-76.03867699969274,41.338834000182835],[-76.038081999666005,41.338616999874539],[-76.037793999785904,41.338538000235474],[-76.037419999692105,41.338460000070981],[-76.037238000117213,41.338430000138509],[-76.036920000099911,41.338397000129341],[-76.036570000295541,41.338364000103454],[-76.036367999730857,41.338361000038979],[-76.035977999743523,41.338351999844619],[-76.035632999962004,41.338351999844619],[-76.03540100015843,41.33835600015599],[-76.035169000354827,41.338364999675257],[-76.034893999995234,41.338384999876581],[-76.03382699996537,41.338499999734658],[-76.033328000198082,41.338555000328135],[-76.032970999822709,41.338583999960122],[-76.032906000423694,41.338591000311261],[-76.032235000228965,41.338669999885994],[-76.031836999845709,41.338707000046654],[-76.031333000055554,41.338761999790783],[-76.030341000368765,41.33884300031054],[-76.02974299996896,41.338925999855967],[-76.029733999748132,41.338985999924645],[-76.027059000088329,41.338908000296684],[-76.026426000426753,41.338907000058732],[-76.026190000425188,41.338933000170343],[-76.02592699976114,41.338987999723678],[-76.025662000345605,41.339088999947457],[-76.025562999713074,41.339116999781432],[-76.025321999688671,41.339238999977404],[-76.025131999717843,41.339359999713864],[-76.024463999896184,41.340006000054728],[-76.024221000221928,41.340243000087],[-76.023449999569763,41.340996999828718],[-76.023089999719659,41.341350000050333],[-76.02273099969446,41.341700999991779],[-76.022291000376711,41.342220000012418],[-76.021631000052636,41.342752000247216],[-76.020926000421028,41.34331799990882],[-76.020095000392715,41.343884000046273],[-76.019148999838379,41.344425000205923],[-76.018707999797414,41.344654999969293],[-76.018183000090858,41.344928999940663],[-76.018163999824282,41.344939000045791],[-76.018005999640536,41.34502199991497],[-76.017527999789664,41.345217000060835],[-76.016782000150158,41.345481999807163],[-76.016449000064227,41.345601999948322],[-76.015824999725154,41.345838999847125],[-76.015561000134525,41.345905999855617],[-76.014684999900382,41.346128000115833],[-76.013889000032165,41.346328999716754],[-76.013313000272007,41.346475000118204],[-76.012741999636376,41.346600999822719],[-76.012440000410891,41.346673999759389],[-76.011883000018969,41.346789999933883],[-76.011498999879421,41.346862000217293],[-76.011017999655479,41.346874000256825],[-76.010569000116902,41.346821000178061],[-76.010349000008873,41.346772999967783],[-76.008763000120254,41.347123999677436],[-76.008305000360878,41.347226000206582],[-76.007783999953958,41.346626000115094],[-76.006665000045558,41.345331999994109],[-76.006130000293254,41.344707000313413],[-76.005424999763335,41.343882999884748],[-76.005122999639553,41.343577999808332],[-76.004481999582055,41.342930000151568],[-76.004195000425185,41.342639999671533],[-76.003503000314055,41.341940000308497],[-76.003278000183158,41.3417139998284],[-76.002858000058595,41.341290000136162],[-76.002355999918251,41.340782999935904],[-76.001683000073712,41.3401040000645],[-76.001431000178627,41.339850999999662],[-75.999461999975352,41.337889999665101],[-75.99915499982869,41.337584999848552],[-75.997394999862777,41.335831000095354],[-75.996019000036441,41.334460999663747],[-75.995602000284919,41.334044999772274],[-75.995435999705251,41.334133000243298],[-75.990613999566946,41.336708999740182],[-75.990908000193144,41.337016000145894],[-75.991119999905251,41.337240000214315],[-75.98605300044288,41.340037999702474],[-75.984485000097621,41.340907000123352],[-75.985345000438244,41.341758999813457],[-75.987368999994786,41.343786999817915],[-75.987225999879641,41.343885000207784],[-75.987162000305545,41.343930000041446],[-75.986018000282783,41.344720999698623],[-75.985884000388481,41.344815000117237],[-75.985540000431911,41.34505200018291],[-75.984966000321535,41.345448999999327],[-75.984895000176422,41.34549799997361],[-75.984333999586568,41.345801000234438],[-75.984320000241169,41.345785000142399],[-75.983307999564587,41.344779000202529],[-75.98324999983825,41.344728000064464],[-75.983208999830381,41.344680000334463],[-75.9827650003147,41.344235999974075],[-75.979802999701405,41.341287000206471],[-75.97806799984987,41.339557999962707],[-75.978014000321508,41.339512999805734],[-75.977872999856189,41.339360999944859],[-75.977420999944584,41.34045499997702],[-75.977331000431207,41.340447999826225],[-75.977081000185947,41.341058000217764],[-75.976842999636261,41.341035999752329],[-75.976074000430557,41.340963999771347],[-75.975613000298097,41.340924999804564],[-75.975445000068603,41.340907000123352],[-75.975420999779175,41.340904000175961],[-75.975065999951923,41.34085900027457],[-75.974901000095485,41.340837999950274],[-75.974825999752412,41.34082900009826],[-75.974409999825809,41.340761000052026],[-75.974246999619183,41.340734999995732],[-75.974263000411028,41.340707999718802],[-75.974275000106587,41.340676999936527],[-75.97429900039603,41.340620000037376],[-75.974305000243831,41.340604000021223],[-75.974530000374727,41.340500000157576],[-75.974691999858109,41.340425000289024],[-75.974889000399912,41.340334999793178],[-75.974229999900743,41.339527000307505],[-75.973679000254933,41.338853000001315],[-75.973646999569553,41.338812000315016],[-75.973678000430013,41.338814000119385],[-75.973730000308564,41.338820000206518],[-75.973957000089271,41.338845000113913],[-75.974065000044305,41.338857000281912],[-75.974136000189404,41.338863999929224],[-75.974208000159436,41.338871999814295],[-75.974280000129468,41.338879999698378],[-75.974352000099472,41.338888000255963],[-75.97446000005452,41.338899999741557],[-75.97456800000954,41.338911000336012],[-75.974639999979573,41.338919000215313],[-75.974711000124685,41.338927000093619],[-75.974783000094703,41.338934999970952],[-75.974891000049723,41.33894599988502],[-75.974999000004772,41.338958000034353],[-75.975070999974804,41.338965999907927],[-75.975142999944808,41.338973999780464],[-75.97521499991484,41.338982000326503],[-75.975286999884872,41.338988999960385],[-75.975363999877757,41.338998000066667],[-75.975387000342295,41.338987000161389],[-75.975527000084369,41.338916000176347],[-75.975614999947908,41.338871999814295],[-75.975666999826473,41.338845999678384],[-75.975739999621396,41.338809000271176],[-75.975788000200296,41.338784999915333],[-75.97584799957643,41.338755000132501],[-75.975938999813025,41.338708999854191],[-75.976790999757725,41.338280999841835],[-75.976450000174182,41.337940999762594],[-75.975772000306762,41.337265000053726],[-75.974874000331312,41.336374000258772],[-75.974799999813158,41.33629699980429],[-75.974328999634949,41.336563999974814],[-75.972855999724217,41.337397000260786],[-75.972485000003459,41.337591000048903],[-75.971767999777967,41.337986999908885],[-75.97107099964397,41.338370000232047],[-75.970046000345221,41.338953999760008],[-75.969386000021146,41.339321000135534],[-75.969191000027465,41.339429000103969],[-75.968158000332807,41.340001999844702],[-75.96804100015693,41.340068000243207],[-75.966898999784021,41.34070700018291],[-75.966856000126313,41.340736000205602],[-75.966660000307741,41.340874000020385],[-75.966584000139747,41.340921000325501],[-75.965907000097232,41.341350000050333],[-75.965840000150081,41.341286000005056],[-75.965754999761273,41.341196000024631],[-75.965734999669763,41.341176000012062],[-75.965482999774693,41.340917000171672],[-75.964250999888407,41.339696999801589],[-75.963692999671579,41.339144000043532],[-75.963824999916056,41.338605999904907],[-75.963872999596632,41.338411999767658],[-75.963372000179533,41.338313999909772],[-75.963202000300214,41.338255000144429],[-75.963085999949257,41.338266000173341],[-75.962997000260799,41.33828599973058],[-75.962952000054955,41.338296999754199],[-75.962620999618849,41.338389000185927],[-75.962401000409145,41.338458999826152],[-75.962368999723779,41.33846900025037],[-75.962201000392596,41.338513000210241],[-75.962040999660715,41.338555000328135],[-75.961863000283785,41.338601000040725],[-75.961603999817697,41.338677999794882],[-75.961568999657615,41.338691000234938],[-75.961493000387932,41.338719999806372],[-75.961412000197086,41.3387380000921],[-75.96125499983826,41.338574000228],[-75.960787000033108,41.33808200018148],[-75.960631000397484,41.337918000014533],[-75.960238000037108,41.337526999682048],[-75.959005000325902,41.3362550002538],[-75.958561999736801,41.335786999672671],[-75.958061000319688,41.335277000269429],[-75.956939000038261,41.334090000334555],[-75.956918000121846,41.334068999851198],[-75.956898999855284,41.334048000035544],[-75.956440000270973,41.334311000096697],[-75.95636400010298,41.334353999859545],[-75.955757000380657,41.334660999898219],[-75.954702000046368,41.335194999741468],[-75.954198000256213,41.335450000263243],[-75.953794000025184,41.335037000160526],[-75.953409999885622,41.334644999767178],[-75.953289000410123,41.334520999798571],[-75.952359999574199,41.333571999925496],[-75.95155799985821,41.332752000240063],[-75.951201000381161,41.332386999951687],[-75.951168999695781,41.332354999917591],[-75.951045999672147,41.332229999971098],[-75.950972999877209,41.332266999742835],[-75.950720000157219,41.332392999956319],[-75.950476999584652,41.332514000269221],[-75.950268000245586,41.332290999802275],[-75.949612000119473,41.331580999701373],[-75.949740000166003,41.331467999799067],[-75.949768999580002,41.331440000049611],[-75.949954000426231,41.331318000085545],[-75.950027000221169,41.331274999667812],[-75.950074000076839,41.331235000289048],[-75.950122999582319,41.331208999802804],[-75.949977999817378,41.331042999826238],[-75.949910999870212,41.330954000217311],[-75.949857000341865,41.330860999715362],[-75.949822000181769,41.330765000015397],[-75.949818999808699,41.330741000068329],[-75.94980700011314,41.330658999901274],[-75.949802999915178,41.330619999834987],[-75.94919600019287,41.330420000010314],[-75.949142999591118,41.330406000249155],[-75.948418999692933,41.329486000100218],[-75.948197999759984,41.329185999970321],[-75.948006000139358,41.328928999779045],[-75.947803999574703,41.328696999678066],[-75.947981999849915,41.328589999850323],[-75.948950000145587,41.328047999965214],[-75.949001000199189,41.328012999957046],[-75.949049999704698,41.327982999935081],[-75.949105999781182,41.327959000312312],[-75.949156000009893,41.327929999997465],[-75.949202999865562,41.32789999993728],[-75.949263000140007,41.327872999736364],[-75.949718000424696,41.32760900025567],[-75.949770000303218,41.327582999671471],[-75.94982300000666,41.327558000163727],[-75.950095999818146,41.32739399980909],[-75.950207999971141,41.327338999910339],[-75.950547999729764,41.327679999748483],[-75.950761000165102,41.327886000309228],[-75.951398999849545,41.328504000107273],[-75.951613000109788,41.328710000086502],[-75.951988999853441,41.329079999985417],[-75.95204800030298,41.329143999882383],[-75.952333999634931,41.329454999698825],[-75.952477999574967,41.329599999773833],[-75.952636999583632,41.329732999703154],[-75.952653000375491,41.329745999904823],[-75.95279099956943,41.329843000134396],[-75.952937999882522,41.329927999757835],[-75.953230999785475,41.330064000138854],[-75.953533999734177,41.330196000098319],[-75.953657999582745,41.33024999991266],[-75.954009999935238,41.330433000074891],[-75.954245999936788,41.329904000176938],[-75.954266999853175,41.329857000016489],[-75.954478999565296,41.329386000210377],[-75.954507000052701,41.329352999666661],[-75.954931000375225,41.329011999815158],[-75.95723299976612,41.32716300005724],[-75.957713000165143,41.32679200031594],[-75.958063999794433,41.326576999871804],[-75.958928000333003,41.326049999892831],[-75.959755999988246,41.32554899975613],[-75.96022899981628,41.325269999666283],[-75.960104000142806,41.325133000297143],[-75.959715999805283,41.324754999977671],[-75.959038999762782,41.324076000330557],[-75.958482000269157,41.32351600023572],[-75.957785999960066,41.322815999758603],[-75.960310000007127,41.321451999869012],[-75.960530000115156,41.321680000144262],[-75.961685999833477,41.322874000205275],[-75.962989999689796,41.324234000185598],[-75.963239000110136,41.324012999969824],[-75.964471999821328,41.322911999702256],[-75.965000999725845,41.322439999798299],[-75.964652999571314,41.322084999997763],[-75.964747000180949,41.322020999913519],[-75.969962999606238,41.319068999991501],[-75.969632999893349,41.318762999891653],[-75.969406999937533,41.318543999764984],[-75.968960000048796,41.318123000029942],[-75.968318000166377,41.317518000222613],[-75.96840600002993,41.317468000221517],[-75.968892000276739,41.317188999942886],[-75.969508000219889,41.316835999680563],[-75.969950000085746,41.317275999671836],[-75.970463000096743,41.317790999768206],[-75.970971000084859,41.318299999890925],[-75.970884000046226,41.318543999764984],[-75.970878000198439,41.318562000228326],[-75.970867000327772,41.318594000290069],[-75.970772999718136,41.318841999898474],[-75.970703000296268,41.319062000241189],[-75.970663999938196,41.319244000251643],[-75.970647000219756,41.319384000121495],[-75.970646000394851,41.319399999952537],[-75.970642000196889,41.319542999743817],[-75.97064499967162,41.31967000013524],[-75.970648000044676,41.319823999778478],[-75.973505000177653,41.32270000005969],[-75.973560000429245,41.32275499982633],[-75.975318999671899,41.321840999887677],[-75.975291999907725,41.321723999975355],[-75.975270000166418,41.321665000026407],[-75.975245999876975,41.321625000144934],[-75.975167000234265,41.321498000190012],[-75.975111999982673,41.321388999670084],[-75.9751060001349,41.321359999804322],[-75.975107999784711,41.321236000186275],[-75.975097999738978,41.321143999816606],[-75.975080000195618,41.320989999919199],[-75.97505400025635,41.320863000076081],[-75.975020999746079,41.320775999737933],[-75.974932999882526,41.320641000053413],[-75.9748180002548,41.320483000257347],[-75.974798999988238,41.320453999988423],[-75.974721999995339,41.320330999844394],[-75.974670999941708,41.320231000071779],[-75.974554999590765,41.320059999848723],[-75.974275999931507,41.319738999792598],[-75.973628000201288,41.319043000047664],[-75.973449999926061,41.318860000279464],[-75.973342999795946,41.318734000206739],[-75.973315000206867,41.318703999960782],[-75.973129000434014,41.318507000296322],[-75.973093000448998,41.318469000254893],[-75.972778999731332,41.318134000084875],[-75.976957000337393,41.315659000318803],[-75.976748000100002,41.315438999959618],[-75.975122000028406,41.313734000000935],[-75.974516000131018,41.3129809997641],[-75.973564999553787,41.31180099967964],[-75.97289799955702,41.310967000065226],[-75.972766000210854,41.31080499978129],[-75.972221000412816,41.310129999888076],[-75.971458999981493,41.309181999709224],[-75.971093000283602,41.308728000044965],[-75.971306999645535,41.308606000068892],[-75.972203999796065,41.308106000149344],[-75.972951000158787,41.307690000014787],[-75.974077999564784,41.3070589998702],[-75.974595999598634,41.306776000025884],[-75.974939999555232,41.306582000255162],[-75.975071999799695,41.306509999984691],[-75.975708999659261,41.306166999910197],[-75.976168999966774,41.305897999874084],[-75.978914999771689,41.304369999959711],[-75.979688999898599,41.303941999759715],[-75.980846000340122,41.303303000257884],[-75.982524000290255,41.302368999731861],[-75.984208999913093,41.301438999879167],[-75.985050999812046,41.300970000133752],[-75.986392000376597,41.300226000334206],[-75.987100000381261,41.29983499989541],[-75.990549999992851,41.297917000036151],[-75.9914329998997,41.297427999990241],[-75.994299000253505,41.295844999882007],[-75.996203999984374,41.294791999724694],[-75.99836599963318,41.29359399990048],[-76.002673999935567,41.291206999676575],[-76.008164999720449,41.28816400028748],[-76.010306000351193,41.286956000018144],[-76.011079999579763,41.286566999741595],[-76.011149000075051,41.286493999957052],[-76.011237999763523,41.286423000153],[-76.011338000220931,41.286359999853346],[-76.011684999652246,41.286182999682417],[-76.011821000094699,41.286117000056372],[-76.012160999853322,41.285953000062491],[-76.0125960000465,41.285728000178089],[-76.012885999576412,41.285570000146592],[-76.014010000405989,41.284884000016483],[-76.014125000033729,41.284814999922055],[-76.014499000127529,41.284626000258271],[-76.014775000312056,41.284513999674175],[-76.015029999681857,41.284408999669203],[-76.015160000276524,41.284366999754958],[-76.016389999614688,41.283526999842657],[-76.029060000078644,41.276410000006571],[-76.030805999800862,41.275429000329247],[-76.030962000334782,41.275341000263872],[-76.034970000163199,41.273280000297518],[-76.038719000423853,41.271354000135958],[-76.039475000109093,41.270962000240296],[-76.044646000226848,41.2681409999376],[-76.047053999922952,41.266823999814406],[-76.047443999910286,41.26658300019524],[-76.04947500003783,41.265324000028841],[-76.050695000228558,41.264567999874117],[-76.053985999831511,41.262757999827606],[-76.054412999628767,41.26252299974022],[-76.055471000336098,41.261941000250815],[-76.059545000286761,41.259701000053624],[-76.060622000362372,41.259050000081018],[-76.061239000130428,41.258679999832111],[-76.061701000087794,41.258376000245505],[-76.061788000126427,41.258338999730547],[-76.062015999732054,41.258231999911949],[-76.062080000204475,41.258196000116619],[-76.062271000000194,41.258101000242469],[-76.062681999903916,41.257876000238255],[-76.062724999561624,41.257852999927074],[-76.062737000155508,41.257865000149152],[-76.062799000079778,41.257826999888465],[-76.062984999852631,41.257711000057718],[-76.063049000325037,41.257674999975222],[-76.063635999955864,41.257350000226829],[-76.063711000298952,41.257308999923445],[-76.064699999612685,41.256748000302437],[-76.065312000256185,41.256391999968841],[-76.065384000226203,41.256350999739446],[-76.065969000207204,41.256022000195152],[-76.066671000364096,41.255623999781584],[-76.06731499989634,41.255260000059664],[-76.06879299982991,41.25445600023906],[-76.06926499983301,41.254200000120839],[-76.069322999559347,41.25416000005395],[-76.069557999735977,41.254033999919528],[-76.076852999867711,41.250237000235479],[-76.073932000160625,41.247236999888749],[-76.070124000348741,41.243327000307758],[-76.067664999700696,41.240803000126299],[-76.060502999638373,41.233449000018716],[-76.059053000192179,41.231958999756863],[-76.058516999716659,41.231411000212255],[-76.054240000274717,41.22701799994158],[-76.05382299962487,41.226591999695337],[-76.045299999804826,41.217840000018491],[-76.042044000361983,41.2144969998512],[-76.042009000201887,41.214460000168309],[-76.041969000018909,41.214420000104056],[-76.041820999880912,41.214267999907079],[-76.040669000360566,41.213084999724614],[-76.039896000058562,41.212291999670775],[-76.0408690003771,41.211800999889462],[-76.041563000138041,41.211385000173593],[-76.045765999960153,41.20885699991684],[-76.05223000006356,41.20704299988649],[-76.054524999781762,41.206371000067726],[-76.060393000033514,41.204642000049468],[-76.06182800030939,41.20407300026848],[-76.065841999985608,41.201725999689977],[-76.065718999961973,41.20163500009572],[-76.065350999715932,41.201367000124883],[-76.065230000240433,41.201277999997785],[-76.065207999600801,41.201255000043957],[-76.065142000376866,41.201186000134022],[-76.065120999562168,41.201163000147858],[-76.065000999911561,41.201061000258839],[-76.064790999849279,41.200884000054266],[-76.063573000206674,41.19936699995737],[-76.063261000037144,41.198674999939122],[-76.05938999957776,41.19010099984046],[-76.058099999965137,41.18724399979633],[-76.057489999869773,41.185988999809354],[-76.055990000194882,41.182902000067514],[-76.055857000125485,41.182629000146314],[-76.055661000306912,41.182225000146076],[-76.055052000036454,41.180970999928874],[-76.054299999650851,41.179414000323796],[-76.053539999767651,41.177839000161811],[-76.053246999864697,41.177229000156593],[-76.052958999984611,41.176631000139416],[-76.052440000125856,41.175561000116609],[-76.052326000323035,41.175324000174307],[-76.052045000115641,41.174742999852221],[-76.051293999554971,41.173186999677554],[-76.051448000439066,41.173243999821104],[-76.051815999786783,41.17339499989064],[-76.052179000009943,41.173544000150926],[-76.052968000205439,41.173881000115834],[-76.053372000436497,41.17405299999951],[-76.053889999572036,41.174274000240743],[-76.055343000289582,41.174892999799219],[-76.055637000017455,41.175013000050491],[-76.055877000216967,41.175096999825101],[-76.05610800019565,41.175166000187232],[-76.056339000174319,41.175218999788868],[-76.056534000168,41.175252999893495],[-76.056733000359642,41.175275000150613],[-76.056986999904524,41.175290000106585],[-76.057251000393492,41.175294000274569],[-76.057436000341397,41.175285999938339],[-76.057668000145014,41.175263000318608],[-76.057894000100816,41.175228000176247],[-76.058123000429674,41.175181000168102],[-76.058365000279011,41.175117000045304],[-76.058663000204845,41.17501500014297],[-76.059396000323844,41.174731999973304],[-76.059661999564312,41.174644000199393],[-76.059855999733074,41.174591000132551],[-76.059362999813587,41.172895999772997],[-76.058339000339743,41.169347000071703],[-76.055267000121603,41.158699000329065],[-76.055187999580582,41.15840500010659],[-76.054511000436378,41.156079000155501],[-76.054358000275499,41.15558099971971],[-76.048434999772169,41.157904000188132],[-76.043866000252166,41.159686999875227],[-76.039256999650888,41.152990000322454],[-76.025674000041164,41.158392000266453],[-76.017840999784099,41.161507999886474],[-76.012905999667908,41.1634699997553],[-76.008491999958594,41.165225000119349],[-76.003460999582941,41.165708000199061],[-76.001292000261444,41.16592999969675],[-75.993833000098192,41.166638000326572],[-75.989883999820989,41.160816000115581],[-75.989414000366025,41.160121000333206],[-75.988814000316395,41.159256999719446],[-75.988378000298312,41.158598000187354],[-75.988184999954456,41.158309999966733],[-75.987850000218714,41.157814999822328],[-75.987267999712429,41.156958000146467],[-75.986542000164434,41.155886999759289],[-75.985821999565886,41.15482499994345],[-75.983970000436798,41.152093999915138],[-75.983943999599234,41.152042999987884],[-75.983173999670285,41.150996999969863],[-75.98031900008543,41.147064000198654],[-75.979800000226675,41.146348999843333],[-75.97899500013763,41.146662000329165],[-75.977513999830975,41.147239999974943],[-75.97625400035561,41.145718999857245],[-75.975495000297329,41.144812000033575],[-75.974176000372381,41.143227000270926],[-75.973324000427681,41.14220099976216],[-75.97204700033555,41.140306999829747],[-75.967990000103327,41.134292999742087],[-75.967354000068696,41.133244000046716],[-75.967236000067899,41.133001999921646],[-75.966846999905471,41.132189999700437],[-75.966639000391353,41.131754999700675],[-75.96421499990339,41.126686000153711],[-75.962355000378381,41.122796999895769],[-75.961799999636284,41.121635000065645],[-75.961224999701017,41.120427000142506],[-75.960324000250822,41.118548000307712],[-75.960126999709018,41.118135999922359],[-75.959774000429931,41.117397999968176],[-75.958471000398518,41.114672999662176],[-75.95838000016191,41.114482999766025],[-75.958294999773088,41.114301999951905],[-75.958186999818068,41.114075000104044],[-75.957842000036578,41.113347000234022],[-75.957276000322139,41.112150999938478],[-75.956955999756687,41.111476999756803],[-75.956358000255207,41.110212999966294],[-75.950783999731314,41.105975999703148],[-75.944791999631008,41.101417000256497],[-75.943312999872504,41.100290999746633],[-75.938065999586769,41.096301000134332],[-75.935205000154141,41.094123999969163],[-75.929536000094018,41.089811000208755],[-75.929220999551433,41.089573999694124],[-75.928917999602731,41.08933999967568],[-75.928023000000323,41.088660000245063],[-75.927834999679348,41.088517000111445],[-75.927785000348948,41.088478999663771],[-75.927944000357613,41.088432999769473],[-75.928084000099688,41.088378999734744],[-75.936283999879549,41.085641000263045],[-75.938065999586769,41.085046999961165],[-75.938345999969258,41.084942999962422],[-75.940927999742613,41.084085000124844],[-75.943867999716289,41.083107000280158],[-75.943934999663441,41.08308500024367],[-75.944023000425304,41.083055000120453],[-75.944304999559279,41.082962000057812],[-75.944849000430722,41.082778999834176],[-75.944902999959083,41.082747000049821],[-75.945035000203575,41.082682999757289],[-75.945247999740587,41.082601999710306],[-75.945343000175143,41.08254299978875],[-75.945422999642773,41.082516999829515],[-75.945523000100195,41.082499000007907],[-75.945738000185344,41.082482000284742],[-75.949064999773299,41.081380999847767],[-75.949380000315884,41.081273999776435],[-75.949523000431,41.081226000010545],[-75.951562999881077,41.080548000165649],[-75.953382000296529,41.079942000203403],[-75.954908999735608,41.079435000068742],[-75.956840000304041,41.078792000205588],[-75.957375000056345,41.078614000016415],[-75.958328000283387,41.078296999977077],[-75.960077000378618,41.0777149997379],[-75.962623000166985,41.076868999897364],[-75.970905999787533,41.074093999920528],[-75.979369000231443,41.071246000294771],[-75.984146000163904,41.069647999672554],[-75.985167000163017,41.0693069999028],[-75.986215999751195,41.068956000014694],[-75.987985999762842,41.068365000224091],[-75.989060000363693,41.068004999845336],[-75.990979000338271,41.067363000260841],[-75.992333000423287,41.066910000067246],[-75.994144000442816,41.066303000001732],[-75.996145000433131,41.065633000148601],[-75.998108999715214,41.0649760003081],[-75.999873999703993,41.064384999965057],[-76.001934000143862,41.06369600027115],[-76.003041000356689,41.063324999790495],[-76.005493000433717,41.062503999706443],[-76.007590999610116,41.061801999934332],[-76.009083999612315,41.061301999697619],[-76.010913999898406,41.060689999880445],[-76.012412999748378,41.060187999787779],[-76.013980000268774,41.059664999953938],[-76.015472000446067,41.059166000185776],[-76.015356999920002,41.059127999702156],[-76.01533900037667,41.05911799985649],[-76.015255999637674,41.059079000240466],[-76.015212000155046,41.05904699975666],[-76.01516600012431,41.059012999691326],[-76.015135999987081,41.058989000152579],[-76.014850999581725,41.058749000219237],[-76.014775000312056,41.058699999797824],[-76.014655999588044,41.058640000310341],[-76.014540999960332,41.058576000254803],[-76.014321999677222,41.058467999850514],[-76.014176999912266,41.058382999921903],[-76.013863999917817,41.058181000184831],[-76.013719999977766,41.058082999813948],[-76.013685999642576,41.05806500007558],[-76.013382999693874,41.057947999962465],[-76.013076000445537,41.057856999881167],[-76.012951999698657,41.057814000312533],[-76.012832000048064,41.057764000069938],[-76.012741999636376,41.057712999986542],[-76.012648999749956,41.057644999813867],[-76.01256300043454,41.057567000166713],[-76.012449999558314,41.057448000231574],[-76.012385000159313,41.057365999763924],[-76.012368000440873,41.057337999712956],[-76.012334000105682,41.05727800033786],[-76.012294999747624,41.057187000006984],[-76.01227899985409,41.057118000156038],[-76.012279999679009,41.057078000219157],[-76.01229700029576,41.056985999797796],[-76.01232700043299,41.05690199980134],[-76.012368000440873,41.056834000145003],[-76.012437000037849,41.056757000030871],[-76.012524999901387,41.056679000008131],[-76.012621000160863,41.056611999940777],[-76.012863000010185,41.056471000172678],[-76.013140000019632,41.056327999777245],[-76.013437000120533,41.056159000202328],[-76.013534000204928,41.056092000282781],[-76.013610000372907,41.056025000294945],[-76.013700999711205,41.055955000072984],[-76.013878999986417,41.055804999733645],[-76.01405899991147,41.055672000293697],[-76.01420399967644,41.05558600030389],[-76.014496999579393,41.055400000224942],[-76.014578999595159,41.055339999759497],[-76.014848000106994,41.055080999662643],[-76.01491400022924,41.055001999840741],[-76.015002000092778,41.054870999824161],[-76.015089999956331,41.054696999972684],[-76.015212999979966,41.054429000025245],[-76.015303000391654,41.054253999826777],[-76.01535600009511,41.054172000119372],[-76.015484999966532,41.054031999721829],[-76.01560600034037,41.053918000145792],[-76.015799999610806,41.053762000049296],[-76.015901999718054,41.053697999989531],[-76.016023999916783,41.053636000274466],[-76.016321000017726,41.053471000027017],[-76.016814999762119,41.053171999743512],[-76.017223000191123,41.052944000123034],[-76.017371000329121,41.05284299977118],[-76.017444000124058,41.052778000294431],[-76.017550000429267,41.052663000020694],[-76.017666999706819,41.052557999712953],[-76.017860000050661,41.05242200015568],[-76.018200999634217,41.052233000279173],[-76.018312999787199,41.052151000084969],[-76.018649000246185,41.051858999819345],[-76.018784999790299,41.051713999771906],[-76.019036999685383,41.051476000188025],[-76.019440000091507,41.051137000159471],[-76.019518999734245,41.051070999770928],[-76.019810999812279,41.050831999985981],[-76.020091000194753,41.050594999832242],[-76.020287000013354,41.050415000028337],[-76.020457999717564,41.050234999731998],[-76.020557000350081,41.050122000269106],[-76.020632999619764,41.050016999970737],[-76.020805000047204,41.049760999689489],[-76.020945999614185,41.049565000134663],[-76.021032999652846,41.049466999799591],[-76.021489999587317,41.048924000005506],[-76.021640000273479,41.048771000077799],[-76.02174999987831,41.048676999675621],[-76.021867000054186,41.04858800020174],[-76.021970999811259,41.048509999977675],[-76.022237999774958,41.048351000094542],[-76.022364999996555,41.048276000105751],[-76.023396000041402,41.047662999729717],[-76.023659999632045,41.047511000215053],[-76.023766999762174,41.047450000048123],[-76.024038999748726,41.047312000172624],[-76.024222000046834,41.047230999904698],[-76.024631000300744,41.047077000140717],[-76.027799999704968,41.045985000098305],[-76.027887999568506,41.045951000056732],[-76.027983000003047,41.045915000033432],[-76.028164999577939,41.045834000078372],[-76.028366000317703,41.045726999742314],[-76.028538999671738,41.045615999963296],[-76.028690000182806,41.04549600010143],[-76.028886999826312,41.045309999950838],[-76.029030999766348,41.045139999856012],[-76.029077999622018,41.04507100024221],[-76.029187000300283,41.044891000231637],[-76.029280000186674,41.044660999689818],[-76.029292999707167,41.044614000296136],[-76.029335000438266,41.044465999852726],[-76.029357000179573,41.04426300005813],[-76.029363000027374,41.044097000007675],[-76.029338999737902,41.043922000105134],[-76.029300000278184,41.043754999857107],[-76.029236999630655,41.043564000116866],[-76.029064000276605,41.043153000314256],[-76.028961000344438,41.042907000030382],[-76.028869000282938,41.042686000288406],[-76.028813000206441,41.042699000014814],[-76.025626000360589,41.043473999805926],[-76.023079999673911,41.044131000329628],[-76.021083999706462,41.044655999683854],[-76.01820800020522,41.045424000214773],[-76.016413000079211,41.045894999710853],[-76.015315999912133,41.046187000022925],[-76.013760999985649,41.04659499993155],[-76.013454999663907,41.046678000245898],[-76.013580000235677,41.046476999769652],[-76.013631000289308,41.046385000105239],[-76.013803999643372,41.046078000301598],[-76.014008999682773,41.045679999754952],[-76.014101999569178,41.045474999662709],[-76.014205000399656,41.045248999776021],[-76.014239999661456,41.045162999711202],[-76.014252000255325,41.045133999892506],[-76.014334000271091,41.044929000131859],[-76.014330000073144,41.044890000233949],[-76.014499999952449,41.044416000305191],[-76.014571999922467,41.04419100017742],[-76.0146589999611,41.043871000131112],[-76.014739000327054,41.043531000197852],[-76.014800000426405,41.043235000204533],[-76.014901999635342,41.042564999793413],[-76.014918000427201,41.042334999930162],[-76.014930999947651,41.04223000007886],[-76.014945000191375,41.041889999798059],[-76.014951000039161,41.04154600027708],[-76.014939000343588,41.041093999843334],[-76.014931999772585,41.040933000219226],[-76.014924000274974,41.040696000321056],[-76.014889999939783,41.040451999791621],[-76.01488099971894,41.04038400007159],[-76.014867000373556,41.040293000087217],[-76.014808999748936,41.039915999973218],[-76.014755000220561,41.039642999734205],[-76.014638000044698,41.039155000126804],[-76.014581000143295,41.038958000061342],[-76.014508000348357,41.038729999971729],[-76.014120000010848,41.037659999984932],[-76.013900999727724,41.03705299966974],[-76.013780000252225,41.036732000029957],[-76.013092000339057,41.034785000026872],[-76.011363000335294,41.029906999838389],[-76.01114400005217,41.029287000204704],[-76.010937000362944,41.028651000311797],[-76.010781999653929,41.028137000084406],[-76.010574999964689,41.02728199981518],[-76.010446000093268,41.026609000194114],[-76.010374000123235,41.026143999919995],[-76.010362000427676,41.026066999809828],[-76.010296000305445,41.025511999978775],[-76.01023500020608,41.024630000078872],[-76.010158000213167,41.022687000001469],[-76.010138000121685,41.022168000303672],[-76.01012399987799,41.021764000155159],[-76.010122000228151,41.02167999992713],[-76.010118999855123,41.021598000295107],[-76.010117000205298,41.021532999778636],[-76.010113999832242,41.021452999993329],[-76.01010700015955,41.021240000209815],[-76.010049000433227,41.019774000056209],[-76.010015999922956,41.018922000147008],[-76.00991700018875,41.0161640001051],[-76.009883999678479,41.015407999732879],[-76.009862999762078,41.014741000120736],[-76.009852999716344,41.014499999667009],[-76.009784999944273,41.012741999695002],[-76.009775999723445,41.012533999946115],[-76.009752000332313,41.01191099996938],[-76.009750999609082,41.011873999810476],[-76.009740999563348,41.011758000093515],[-76.009736000438778,41.011704000132262],[-76.010544999827474,41.01132699967166],[-76.010713999881858,41.011245000030243],[-76.011350999741424,41.010937999705853],[-76.012242999869088,41.010507999862625],[-76.012483999893519,41.010386999876815],[-76.012887000299642,41.010192000194067],[-76.014484000058914,41.009425999813416],[-76.015607000165275,41.008867999795193],[-76.016157999811099,41.008612000132288],[-76.017004999732933,41.008237000035322],[-76.017520000292038,41.008004999792483],[-76.017740000400082,41.00790600006551],[-76.019003000248517,41.007311000045227],[-76.019066999822613,41.007280999930437],[-76.019486000122271,41.007085999868032],[-76.020024000247602,41.006844999883626],[-76.020266000096953,41.006736999998381],[-76.020492999877661,41.006635999920455],[-76.020979999949375,41.006406999854946],[-76.022171999652713,41.005847000205357],[-76.022886000403474,41.005514999836699],[-76.023839999557097,41.005072000157881],[-76.023884999762956,41.005134000198808],[-76.024002999763709,41.00527999973675],[-76.024503000254228,41.005895999983373],[-76.024569000376474,41.005977000269759],[-76.024674999783372,41.006098000219176],[-76.024875999624811,41.006013999672767],[-76.025181999946582,41.005872000055135],[-76.025724000269861,41.005624000285067],[-76.02594600002773,41.005536000142307],[-76.025971999966984,41.005510000247128],[-76.025975000340054,41.005487000096664],[-76.025966000119212,41.00542100003284],[-76.02594500020281,41.005388999895956],[-76.02569199958451,41.005112999765032],[-76.025500999788804,41.004889000145234],[-76.025493000291192,41.004880000120373],[-76.025376999940249,41.004755000250775],[-76.025197999840103,41.004529000226334],[-76.025149000334608,41.004461000013322],[-76.025976999989865,41.004075000006743],[-76.026177000006399,41.003982000123813],[-76.027540000312271,41.003356000106564],[-76.028393999906797,41.00294700004811],[-76.028615999664638,41.002849000137822],[-76.028839999970629,41.002769999993347],[-76.029296000080222,41.002642000304881],[-76.03038900004934,41.002338999760269],[-76.030686000150254,41.002253999878647],[-76.031249000389948,41.002096000102426],[-76.031579000102852,41.001998000282633],[-76.031837999670614,41.001921999713268],[-76.031876000203766,41.001911000016079],[-76.031914999663499,41.001898999666416],[-76.032032999664267,41.001864999906672],[-76.032071000197419,41.001853000226589],[-76.032350999681597,41.001763999819083],[-76.030671999906559,40.999566000289171],[-76.028383000036143,40.996567999934548],[-76.026996000339139,40.994751000191549],[-76.025213999733623,40.992415999809992],[-76.025044999679224,40.99219600023401],[-76.023186999804025,40.98976000004761],[-76.021995999925622,40.988199999933556],[-76.019795999743664,40.98580000029979],[-76.019235000052106,40.985187000077737],[-76.019188000196422,40.985134999819927],[-76.017029000022362,40.982778999898343],[-76.016683000415952,40.982400999850128],[-76.016238000177026,40.981914999801788],[-76.016134000419953,40.981801999725363],[-76.016090999863934,40.981755000224666],[-76.016171000229875,40.98173899983869],[-76.0163479997819,40.981709999892189],[-76.016371000246423,40.981706000132412],[-76.016965000448266,40.98160700023633],[-76.017899000408732,40.981451999970389],[-76.018561000382633,40.981341999954388],[-76.01888699989756,40.981288000163055],[-76.019373999969289,40.981207000054013],[-76.019512000061525,40.981184000239317],[-76.019892000003139,40.981120999762375],[-76.020857999750646,40.980960000003137],[-76.021053999569233,40.980926999907084],[-76.022140999690578,40.980747000202207],[-76.024783999563311,40.980308000060042],[-76.02517299972574,40.980243000178383],[-76.025291999551428,40.980221999952555],[-76.027608999909248,40.979837999681521],[-76.027971000307488,40.979776999891875],[-76.028210999608689,40.979736999754564],[-76.028607000342134,40.979670999678518],[-76.028820999704052,40.979635999672993],[-76.029022000443817,40.979601999959925],[-76.029388000141722,40.979542000263848],[-76.029684000417731,40.979492000249422],[-76.029928999741784,40.979451000304266],[-76.030384000026459,40.979375999825812],[-76.0307520002725,40.979315000287087],[-76.030933000022458,40.979285000315343],[-76.031262999735333,40.979229999879628],[-76.031586999600449,40.979175999715473],[-76.031757000378065,40.979146999998385],[-76.032170999756531,40.97907900005054],[-76.032457999811726,40.979031000324419],[-76.032874999563248,40.978961999936317],[-76.033318999977254,40.978887999901836],[-76.033780000109701,40.978811000171852],[-76.034390000205079,40.978710000028734],[-76.034813999629293,40.97863900001007],[-76.035042999958151,40.97859699988669],[-76.035382999716759,40.978540999906585],[-76.036085999698543,40.978426000173897],[-76.036160000216711,40.978414000296382],[-76.038116999826102,40.978088999731689],[-76.037783999740171,40.976905999670826],[-76.037234999744172,40.974934999700778],[-76.036699000166962,40.973064999971733],[-76.053552000361549,40.97035800021721],[-76.061619999896934,40.969061999690531],[-76.066057000070757,40.968341000201491],[-76.069806000331425,40.967747000336843],[-76.07451499959349,40.966987000139731],[-76.077972999601002,40.966440999721584],[-76.079477000372179,40.966185999957695],[-76.084799999927583,40.96533200011087],[-76.091801000331429,40.964205999743513],[-76.092162000006454,40.964148000023634],[-76.093105000187762,40.963995999720503],[-76.093444000121465,40.963941000104754],[-76.094111000118232,40.963833999672566],[-76.094440999831122,40.963780999666817],[-76.094902999788488,40.963705999688436],[-76.095789000068365,40.963563999839472],[-76.096603000378252,40.963430999942723],[-76.111105999704733,40.961094999802768],[-76.115650000008671,40.960363000252876],[-76.118527000233144,40.959898999826244]]]},"properties":{"MTFCC":"G5200","OID":"2119035951823765","GEOID":"4208","STATE":"42","BASENAME":"8","NAME":"Congressional District 8","LSADC":"C2","FUNCSTAT":"N","AREALAND":"7172618377","AREAWATER":"183394281","CDSESSN":"119","OBJECTID":78,"CENTLAT":"+41.3564924","CENTLON":"-075.4061839","INTPTLAT":"+41.3577478","INTPTLON":"-075.4080063","CD119":"08"}}]}